1, ,1,01-01-2008 00:00,123,123456
9,IT departement,20,11-03-2009 10:06,VAD,VADVDV
11,Werkgroep consultoverleg,26,19-06-2008 14:56,AAL,AALINA
12,VI minderjarigen,27,19-06-2008 15:08,AAL,AALINA
13,VI meerderjarigen,27,19-06-2008 15:08,AAL,AALINA
14,VI ouderconsult,27,19-06-2008 15:08,AAL,AALINA
15,Werkgroep preventie intervisie,26,19-06-2008 15:10,AAL,AALINA
16,Provinciale werkgroep lokaal drugoverleg,28,19-06-2008 15:13,AAL,AALINA
17,MEGA,29,19-06-2008 15:14,AAL,AALINA
18,Ginger,30,19-06-2008 15:16,AAL,AALINA
19,project Benzo's,31,19-06-2008 15:18,AAL,AALINA
20,Jongerengroep Vroeginterventie,34,25-06-2008 11:12,ALT,ALTJDS
21,PPM Prov.Prev.Middelengebruik,35,10-07-2008 14:07,VAD,VADMDB
22,Werkgroep vroeginterventie,26,10-07-2008 14:25,AAL,AALINA
23,Preventieteam,20,10-07-2008 14:32,VAD,VADMDB
24,Overleg steunpunt,26,14-07-2008 14:00,AAL,AALINA
25,opleidingen Linsey,37,14-07-2008 15:15,AAL,AALINA
26,opleidingen walter,37,22-01-2010 09:08,AAL,AALWVV
27,opleidingen beiden,37,14-07-2008 15:16,AAL,AALINA
28,Middenschool,38,14-07-2008 15:26,AAL,AALINA
29,Bovenbouw,38,14-07-2008 15:26,AAL,AALINA
30,Middenschool,41,14-07-2008 15:59,AAL,AALINA
31,Bovenbouw,41,14-07-2008 15:59,AAL,AALINA
32,"Lokaal overleg - Aalter, Knesselare",42,14-07-2008 16:10,AAL,AALINA
33,Lokaal overleg - Maldegem,42,14-07-2008 16:10,AAL,AALINA
34,Lokaal overleg - gezamenlijk,42,14-07-2008 16:10,AAL,AALINA
38,Coördinatievergaderingen,48,22-07-2008 14:39,AAL,AALINA
39,project Jeugdadviseurs,49,28-07-2008 15:22,AAL,AALINA
40,Beheerscomité,42,31-07-2008 11:58,AAL,AALINA
41,Studiedag pubers anno ...,50,31-07-2008 13:12,AAL,AALINA
42,Stevig op de werkvloer,50,31-07-2008 13:19,AAL,AALINA
43,Kwartaalbespreking,52,31-07-2008 13:33,AAL,AALINA
44,Rockoekoe,53,31-07-2008 13:53,AAL,AALINA
45,PREVENTIEAMBTENAAR ,56,01-04-2009 11:59,CAD,CADKJA
47,Werkgroep gokken,20,12-09-2008 15:32,VAD,VADMDB
48,Werkgroep Casselman,35,12-09-2008 15:46,VAD,VADMDB
49,Werkgroep Consult,20,22-09-2008 09:12,VAD,VADMDB
50,Overleg preventie en minderheidsgroepen,61,22-09-2008 09:28,VAD,VADMDB
55,B-team,70,30-01-2009 11:24,AAL,AALINA
56,Werkgroep gezondheid,41,30-01-2009 11:51,AAL,AALINA
57,Oudervereniging,41,30-01-2009 11:59,AAL,AALINA
58,Kwaliteitsdenkgroep,72,30-01-2009 12:06,AAL,AALINA
60,Werkgroep TAD,64,03-03-2009 14:05,VAD,VADIDM
61,Opleiding Peter,37,05-03-2009 13:57,AAL,AALPDE
63,Drugpreventie,75,17-03-2009 13:49,VAD,VADJRO
64,Sociale politie,29,25-03-2009 11:39,AAL,AALINA
65,Andere,70,25-03-2009 13:59,AAL,AALINA
66,WG Drugbeleid,76,25-03-2009 14:15,AAL,AALINA
67,Coördinatievergaderingen,72,25-03-2009 14:22,AAL,AALINA
69,schepenoverleg,72,25-03-2009 15:12,AAL,AALINA
70,schepenoverleg,48,25-03-2009 15:12,AAL,AALINA
71,Preventie,78,30-03-2009 10:38,VAD,VADJRO
72,WERKGROEP JEUGDHUIZEN,46,31-03-2009 14:00,CAD,CADDFR
73,WERKGROEP ONDERWIJS,46,31-03-2009 14:00,CAD,CADDFR
74,GEZONDHEIDSRAAD,88,31-03-2009 14:02,CAD,CADDDA
75,WERKGROEP JEUGDBEWEGINGEN DIB,46,31-03-2009 14:01,CAD,CADDFR
76,PREVENTIETEAM,46,31-03-2009 14:01,CAD,CADDFR
77,WERKGROEP BIJZONDERE JEUGDZORG,46,31-03-2009 14:01,CAD,CADDFR
78,OCMW,81,31-03-2009 10:15,CAD,CADDFR
79,GEZONDHEIDSRAAD,81,31-03-2009 14:03,CAD,CADDFR
80,STUURGROEP DRUGPREVENTIE,83,31-03-2009 14:02,CAD,CADDFR
81,GEZONDHEIDSRAAD,80,31-03-2009 14:02,CAD,CADDFR
82,OCMW,80,31-03-2009 10:16,CAD,CADDFR
83,OCMW,85,31-03-2009 10:16,CAD,CADDFR
84,STUURGROEP DRUGPREVENTIE,85,31-03-2009 14:00,CAD,CADDFR
85,WERKGROEP DOEDANIE,81,31-03-2009 14:03,CAD,CADDFR
86,WERKGROEP DOEDANIE,80,31-03-2009 14:02,CAD,CADDFR
87,OCMW,93,31-03-2009 10:54,CAD,CADDDA
88,STUURGROEP,92,31-03-2009 15:08,CAD,CADDDA
89,REDACTIE POLSSLAG ,96,31-03-2009 12:49,CAD,CADMVS
90,BEDRIJFSARTSEN ,97,31-03-2009 13:10,CAD,CADMVS
91,PREVENTIEDIENST,89,31-03-2009 13:31,CAD,CADMVS
92,OCMW,88,31-03-2009 14:02,CAD,CADDDA
93,OVERKOEPELEND DRUGOVERLEG SCHOLEN ,89,31-03-2009 14:05,CAD,CADMVS
94,Preventiehuis,133,31-03-2009 14:24,VAD,VADJRO
95,SUBRAAD HOUTHALEN-HELCHTEREN,130,31-03-2009 14:28,CAD,CADTCH
96,POLITIE,116,31-03-2009 14:40,CAD,CADDDA
97,PREVENTIEDIENST HOUTHALEN-HELCHTEREN,130,18-10-2010 15:13,CAD,CADTCH
98,MIGRANTENRAAD HOUTHALEN-HELCHTEREN,130,18-10-2010 15:13,CAD,CADTCH
99,WERKGROEP DRUGBELEID,100,31-03-2009 15:38,CAD,CADMVS
100,OUDERCOMITE,150,31-03-2009 15:50,CAD,CADMVS
101,syndicale delegees ,101,31-03-2009 15:59,CAD,CADMVS
102,WERKGROEP DRUGS  ,102,08-04-2009 13:30,CAD,CADMVS
103,STUURGROEP VERSLAVING,89,31-03-2009 16:16,CAD,CADMVS
104,CULTUURRAAD,103,31-03-2009 16:32,CAD,CADMVS
105,WERKGROEP WERKWIJZER,46,01-04-2009 09:36,CAD,CADDFR
106,SOCIAAL HUIS OCMW,219,01-04-2009 09:40,CAD,CADTCH
107,VROEGINTERVENTIE,91,01-04-2009 10:11,CAD,CADDDA
108,STUURGROEP ONDERWIJS,223,01-04-2009 10:30,CAD,CADDFR
109,PREVENTIEDAG,223,01-04-2009 10:31,CAD,CADDFR
110,PROGRAMMACOMMISSIE ARBEID ,46,01-04-2009 10:43,CAD,CADMVS
111,JEUGDRAAD,225,01-04-2009 10:47,CAD,CADKKE
112,CULTUURRAAD,225,01-04-2009 10:47,CAD,CADKKE
113,GEZONDHEIDSRAAD,225,01-04-2009 10:48,CAD,CADKKE
114,SPORTRAAD,225,01-04-2009 10:48,CAD,CADKKE
115,DEPARTEMENT SOCIAAL AGOGISCH WERK,125,01-04-2009 11:10,CAD,CADDFR
116,DEPARTEMENT GEZONDHEIDSZORG,125,01-04-2009 11:10,CAD,CADDFR
117,EUROPARENTS,102,08-04-2009 13:30,CAD,CADMVS
118,SENIORENRAAD,225,01-04-2009 11:36,CAD,CADKKE
119,WERKGROEP PARTYWISE,46,01-04-2009 11:53,CAD,CADKJA
120,WERKGROEP VROEGINTERVENTIE,46,01-04-2009 11:53,CAD,CADKJA
121,WERKGROEP GINGER,46,01-04-2009 11:55,CAD,CADKJA
122,AGNETENDAL,56,01-04-2009 11:56,CAD,CADKJA
123,ONDERWIJSRAAD,56,01-04-2009 11:57,CAD,CADKJA
124,STUURGROEP OPBOUWWERK,56,01-04-2009 11:57,CAD,CADKJA
125,JEUGDDIENST ,88,01-04-2009 12:00,CAD,CADKJA
126,OCMW,234,01-04-2009 12:41,CAD,CADKJA
127,WERKGROEP GOKKEN,223,01-04-2009 12:41,CAD,CADKKE
128,SALVATORCOLLEGE,234,01-04-2009 12:41,CAD,CADKJA
129,JEUGDRAAD,223,01-04-2009 12:41,CAD,CADKKE
130,STRAATHOEKWERK,234,01-04-2009 12:42,CAD,CADKJA
131,MEGA-PROJECT,234,01-04-2009 12:42,CAD,CADKJA
132,PREVENTIEDIENST,215,01-04-2009 12:53,CAD,CADKKE
133,VOLKSGEZONDHEID,105,01-04-2009 12:57,CAD,CADMVS
134,DIRECTIE,106,01-04-2009 13:02,CAD,CADMVS
135,INTERNAAT,240,01-04-2009 13:22,CAD,CADMVS
136,PREVENTIEAMBTENAAR ,238,01-04-2009 14:11,CAD,CADKJA
137,SPORTDIENST,238,01-04-2009 13:28,CAD,CADKJA
138,STRAATHOEKWERK,238,01-04-2009 13:29,CAD,CADKJA
139,"WERKGROEP WEL DRINKEN,NIET DRONKEN",238,01-04-2009 13:29,CAD,CADKJA
140,GEZONDHEIDSRAAD,223,01-04-2009 13:30,CAD,CADKKE
141,PREVENTIERAAD,238,01-04-2009 13:41,CAD,CADKJA
142,WERKGROEP EVIDENCED BASED,46,01-04-2009 14:15,CAD,CADKKE
143,WERKGROEP DRUGPREVENTIE,228,01-04-2009 14:25,CAD,CADJAE
144,SIKSEN,89,01-04-2009 14:27,CAD,CADKKE
145,PREVENTIEAMBTENAAR,247,01-04-2009 14:37,CAD,CADKJA
146,JAC,247,01-04-2009 14:37,CAD,CADKJA
147,OVERLEGPLATVORM GEZONDHEID,247,01-04-2009 14:37,CAD,CADKJA
148,WERKGROEP GEZONDHEIDSBEVORDERING,247,01-04-2009 14:38,CAD,CADKJA
149,DBSO,251,01-04-2009 15:13,CAD,CADKJA
150,OUDERCOMITE BASISSCHOOL HALEN,225,01-04-2009 15:22,CAD,CADKKE
151,SOCIAAL HUIS,255,01-04-2009 15:30,CAD,CADKJA
152,PREVENTIEAMBTENAAR,255,01-04-2009 15:30,CAD,CADKJA
153,STUURGROEP ,225,01-04-2009 15:35,CAD,CADKKE
154,PREVENTIEAMBTENAAR,257,01-04-2009 15:42,CAD,CADKJA
155,REGIO WELZIJNSOVERLEG NOORD-LIMBURG,238,01-04-2009 15:55,CAD,CADKJA
156,PREVENTIERAAD,239,01-04-2009 16:28,CAD,CADJAE
157,JEUGDDIENST,225,02-04-2009 08:43,CAD,CADKKE
158,SPORTRAAD,215,02-04-2009 08:48,CAD,CADKKE
159,WERKGROEP GOKKEN,46,02-04-2009 08:54,CAD,CADKKE
160,OCMW,224,02-04-2009 09:02,CAD,CADKKE
161,JEUGDRAAD,224,02-04-2009 09:12,CAD,CADKKE
162,BEWONERSOVERLEG,223,02-04-2009 09:14,CAD,CADKKE
163,DOEDANIE,102,02-04-2009 09:22,CAD,CADMVS
164,OUDERCOMITE DE VIEJOOL,224,02-04-2009 09:44,CAD,CADKKE
165,OCMW,215,02-04-2009 09:47,CAD,CADKKE
166,GEHANDICAPTENRAAD,224,02-04-2009 10:07,CAD,CADKKE
167,SOCIALE OMBUDSDIENST,223,02-04-2009 10:18,CAD,CADKKE
168,OUDERCOMITE DE ZANDKORREL,224,02-04-2009 10:23,CAD,CADKKE
169,CULTUURRAAD,224,02-04-2009 10:25,CAD,CADKKE
170,BASISSCHOLEN,225,02-04-2009 10:32,CAD,CADKKE
171,SPORTRAAD,224,02-04-2009 10:42,CAD,CADKKE
172,OUDERCOMITE GEMEENTELIJKE BASISSCHOOL,224,02-04-2009 12:09,CAD,CADKKE
173,OUDERCOMITE TER DUINEN,224,02-04-2009 12:09,CAD,CADKKE
174,OUDERCOMITE DON BOSCO INSTITUUT,224,02-04-2009 12:16,CAD,CADKKE
175,OCMW,225,02-04-2009 12:52,CAD,CADKKE
177,AGORA,215,02-04-2009 13:05,CAD,CADKKE
178,GEZONDHEIDSRAAD,224,02-04-2009 13:47,CAD,CADKKE
179,ODO,127,03-04-2009 09:08,CAD,CADKKE
180,GOKGROEP,91,03-04-2009 09:12,CAD,CADKKE
181,OCMW BILZEN,228,03-04-2009 09:50,CAD,CADJAE
182,OCMW TONGEREN,239,03-04-2009 10:01,CAD,CADJAE
183,OCMW RIEMST,265,03-04-2009 10:04,CAD,CADJAE
184,OCMW KORTESSEM,283,03-04-2009 10:10,CAD,CADJAE
185,DIENST WELZIJN,242,03-04-2009 10:11,CAD,CADDFR
186,OCMW DIEPENBEEK,286,03-04-2009 10:42,CAD,CADJAE
187,OCMW,83,03-04-2009 10:54,CAD,CADDFR
188,PROVINCIALE DIENST VOLKSGEZONDHEID ,96,03-04-2009 13:01,CAD,CADMVS
189,PREVENTIERAAD,102,03-04-2009 13:23,CAD,CADMVS
190,WERKGROEP VERSLAVING,103,03-04-2009 13:32,CAD,CADMVS
191,PREVENTIEPLATFORM VOEREN,230,03-04-2009 13:33,CAD,CADJAE
192,WERKGROEP DOS,110,03-04-2009 13:40,CAD,CADMVS
193,BOVENBOUW,300,03-04-2009 13:47,CAD,CADMVS
194,FRED,301,03-04-2009 14:38,CAD,CADCBA
195,GEZOND NIEUWERKERKEN ,111,03-04-2009 14:51,CAD,CADMVS
196,TEMPEL HAMAAL ,302,03-04-2009 15:05,CAD,CADMVS
197,WERKGROEP PREVENTIE ,104,03-04-2009 15:43,CAD,CADMVS
198,WERKGROEP DOS ,300,03-04-2009 16:07,CAD,CADMVS
199,provinciale kansenbank onderwijs,96,03-04-2009 16:12,CAD,CADEBO
200,OUDERCOMITE,107,03-04-2009 16:23,CAD,CADMVS
201,ecat,158,06-04-2009 09:52,CAD,CADKBO
202,mitil,158,06-04-2009 09:52,CAD,CADKBO
203,STUURGROEP STRAATHOEKWERK TONGEREN,239,06-04-2009 09:55,CAD,CADJAE
204,OUDERS LAGER ONDERWIJS,159,06-04-2009 10:21,CAD,CADKBO
205,PREVENTIEAMBTENAAR,87,06-04-2009 10:22,CAD,CADKJA
206,POLITIE,88,06-04-2009 10:28,CAD,CADKJA
207,STUURGROEP,88,06-04-2009 10:39,CAD,CADKJA
208,FORUM WELZIJN,157,06-04-2009 11:03,CAD,CADKBO
209,HUISARTSENKRING,88,06-04-2009 11:07,CAD,CADKJA
210,OCMW SENIOREN,188,06-04-2009 11:10,CAD,CADKBO
211,PSYCHOEDUCATIE MIDDELENGEBRUIK,183,06-04-2009 11:33,CAD,CADKBO
212,WERKGROEP ALGEMEEN,130,06-04-2009 11:49,CAD,CADSTU
213,JEUGDDIENST,320,06-04-2009 11:54,CAD,CADEGI
214,KINDEROPVANG,160,06-04-2009 12:07,CAD,CADKBO
215,SCHOLENOVERLEG,156,06-04-2009 12:26,CAD,CADKBO
216,WVC,157,06-04-2009 12:28,CAD,CADKBO
217,OVERLEG PREVENTIEWERKING,320,07-04-2009 13:39,CAD,CADEGI
218,STUURGROEP AS,147,06-04-2009 13:47,CAD,CADEGI
219,harm reduction,91,06-04-2009 13:58,CAD,CADKBO
220,LEERKRACHTEN OVERLEG,147,06-04-2009 14:12,CAD,CADEGI
221,PREVENTIEDIENST,127,06-04-2009 14:22,CAD,CADEGI
222,DJO,158,06-04-2009 14:33,CAD,CADKBO
223,ECAT,46,06-04-2009 14:47,CAD,CADKBO
224,STUURGROEP RONDHANGENDE JONGEREN,155,06-04-2009 15:03,CAD,CADKBO
225,ALCOHOLCURSUS,91,06-04-2009 15:03,CAD,CADSTU
226,PREVENTIEVE GEZONDHEIDSRAAD,289,07-04-2009 12:52,CAD,CADCBA
227,SPOC,289,06-04-2009 15:43,CAD,CADEGI
228,MAASLANDS TEAM,91,06-04-2009 16:10,CAD,CADKBO
229,MAASLANDS TEAM,91,06-04-2009 16:11,CAD,CADKBO
230,WERKGROEP AS,147,06-04-2009 16:20,CAD,CADEGI
231,PREVENTIERAAD,155,06-04-2009 16:30,CAD,CADKBO
232,lokaal sociaal beleid,158,07-04-2009 09:32,CAD,CADKBO
233,OCMW,305,07-04-2009 10:00,CAD,CADEGI
235,STRAATHOEKWERK,92,07-04-2009 10:09,CAD,CADKJA
236,SPORTDIENST,92,07-04-2009 10:16,CAD,CADKJA
237,DOEDANIEDAG,92,07-04-2009 10:23,CAD,CADKJA
239,NETWERK SCHAKEL JEZELF IN,159,07-04-2009 10:37,CAD,CADKBO
240,MIDDENSCHOOL,331,07-04-2009 10:44,CAD,CADKJA
241,Guidance,332,07-04-2009 10:45,CAT,CATANS
242,GEZONDHEIDSRAAD,116,07-04-2009 10:57,CAD,CADKJA
243,JWW,130,07-04-2009 11:38,CAD,CADKJA
244,OCMW,130,07-04-2009 11:52,CAD,CADEGI
245,EUROPEERS,91,07-04-2009 12:02,CAD,CADKJA
246,SCHOLENOVERLEG,159,07-04-2009 13:52,CAD,CADKBO
247,INTERNAAT,340,07-04-2009 13:55,CAD,CADKJA
248,OCMW,147,07-04-2009 13:59,CAD,CADEGI
249,LOKALE ECONOMIE,157,07-04-2009 14:06,CAD,CADKBO
250,LOKALE ECONOMIE,159,07-04-2009 14:16,CAD,CADKBO
251,ONDERWIJSPLATFORM,157,07-04-2009 14:22,CAD,CADKBO
252,EUROPARENTS,155,07-04-2009 14:32,CAD,CADKBO
253,PREVENTIEADVISEURS,212,07-04-2009 14:54,CAD,CADKBO
254,CONSULTVRAGEN PRIVEPERSONEN,91,04-12-2009 12:50,CAD,CADDDA
255,PREVENTIEDIENST SINT-TRUIDEN ,111,08-04-2009 09:44,CAD,CADMVS
256,PREVENTIEDIENST SINT-TRUIDEN ,104,08-04-2009 09:50,CAD,CADMVS
257,POLITIE,89,08-04-2009 13:48,CAD,CADMVS
258,CHIRO,224,08-04-2009 15:06,CAD,CADKKE
259,Coördinatievergaderingen,342,09-04-2009 08:54,AAL,AALINA
260,Overleg Burgemeester,342,09-04-2009 08:54,AAL,AALINA
261,WERKGROEP GOKKEN,127,09-04-2009 12:55,CAD,CADKKE
262,DEPARTEMENT MEDIA EN DESIGN,125,17-04-2009 13:32,CAD,CADDDA
263,OUDER INFOGROEP,91,17-04-2009 13:45,CAD,CADDDA
264,GEZOND BOCHOLT,93,17-04-2009 15:04,CAD,CADDDA
265,Preventieraad Werkgroep Basisonderwijs,350,27-04-2009 10:54,TIE,TIEBVG
266,Werkgroep preventie,349,27-04-2009 10:54,DIE,DIEDME
267,Dept. Welzijn en Gezondheid,360,06-05-2009 10:00,VAD,VADJRO
269,Subtest1,366,19-05-2009 13:33,TES,TESTER
271,Werkgroep Ginger,371,02-06-2009 10:27,VAD,VADJRO
273,beheerscomité,383,22-06-2009 11:00,CAT,CATANS
274,LO Deinze,383,22-06-2009 11:00,CAT,CATANS
275,LO Zulte,383,22-06-2009 11:00,CAT,CATANS
276,LO Nazareth,383,22-06-2009 11:00,CAT,CATANS
277,LO Sint Martens Latem,383,22-06-2009 11:01,CAT,CATANS
278,LO De Pinte,383,22-06-2009 11:01,CAT,CATANS
279,Individuele ondersteuning preventiewerkers,383,22-06-2009 11:02,CAT,CATANS
280,Beheerscomité Berlare_Zele,387,22-06-2009 11:24,CAT,CATANS
281,LO Berlare,387,22-06-2009 11:24,CAT,CATANS
282,LO Zele,387,22-06-2009 11:24,CAT,CATANS
283,Consultoverleg,388,22-06-2009 11:37,CAT,CATANS
284,Preventie intervisie,388,22-06-2009 11:37,CAT,CATANS
285,Provinciale werkgroep lokaal overleg,388,22-06-2009 11:37,CAT,CATANS
286,LO_Indra,389,22-06-2009 12:10,CAT,CATANS
287,Individuele ondersteuning preventiewerkers,384,22-06-2009 13:18,CAT,CATANS
288,LO Maldegem,384,22-06-2009 13:19,CAT,CATANS
289,LO Aalter Knesselare,384,22-06-2009 13:19,CAT,CATANS
290,Individuele ondersteuning preventiewerkers,387,22-06-2009 13:23,CAT,CATANS
291,Individuele ondersteuning preventiewerkers,390,22-06-2009 13:29,CAT,CATANS
292,LO EEKASI,390,22-06-2009 13:29,CAT,CATANS
293,LO_vroeginterventie&zorg,390,22-06-2009 13:29,CAT,CATANS
294,LO Evergem,385,22-06-2009 13:34,CAT,CATANS
295,LO Zelzate,385,22-06-2009 13:34,CAT,CATANS
296,LO Assenede,385,22-06-2009 13:34,CAT,CATANS
297,Individuele ondersteuning preventiewerkers,385,22-06-2009 13:34,CAT,CATANS
298,preventiewerker,389,22-06-2009 13:38,CAT,CATANS
299,preventiewerkers,386,22-06-2009 13:43,CAT,CATANS
300,LO Merelbeke,386,22-06-2009 13:44,CAT,CATANS
301,LO Oosterzele,386,22-06-2009 13:44,CAT,CATANS
302,LO Melle,386,22-06-2009 13:44,CAT,CATANS
303,LO Destelbergen,386,22-06-2009 13:44,CAT,CATANS
304,Stuurgroep,386,22-06-2009 13:44,CAT,CATANS
305,"Beheerscomite Wetteren, Laarne en Wichelen",391,22-06-2009 13:55,CAT,CATANS
306,preventiewerkers,391,22-06-2009 13:56,CAT,CATANS
307,LO Wetteren,391,22-06-2009 13:56,CAT,CATANS
308,LO Aalter Knesselare Maldegem,384,22-06-2009 14:02,CAT,CATANS
309,LO Beveren,392,22-06-2009 14:08,CAT,CATANS
310,preventiewerker,392,22-06-2009 14:08,CAT,CATANS
311,LO Lokeren,393,22-06-2009 14:36,CAT,CATANS
312,LO Sint Niklaas,394,22-06-2009 14:50,CAT,CATANS
313,preventiewerker,394,22-06-2009 14:50,CAT,CATANS
314,LO_Waarschoot,395,22-06-2009 14:55,CAT,CATANS
315,Overleg Delta,388,22-06-2009 14:58,CAT,CATANS
316,Overleg Provincie (Bert),388,22-06-2009 14:59,CAT,CATANS
317,PARDOV,396,22-06-2009 15:07,CAT,CATANS
318,Stuurgroep,388,22-06-2009 15:24,CAT,CATANS
319,WG instrumenten,330,25-10-2010 10:24,CAT,CATMAR
320,wg ocmw,330,22-06-2009 15:29,CAT,CATANS
321,wg vroeginterventie,388,22-06-2009 15:34,CAT,CATANS
322,werkgroep gokken,432,08-07-2009 14:10,ALT,ALTLDM
323,werkgroep grenzen stellen,432,08-07-2009 14:11,ALT,ALTLDM
324,regionaal vormingsaanbod,34,08-07-2009 14:32,ALT,ALTLDM
325,Werkgroep jeugdhuizen,432,08-07-2009 16:54,ALT,ALTCDM
326,werkgroep Drugs in Beweging,432,09-07-2009 13:33,ALT,ALTCDM
327,preventieteam,432,09-07-2009 14:08,ALT,ALTCDM
328,werkgroep BuSO,432,09-07-2009 14:16,ALT,ALTCDM
329,Veilig Uitgaan In Oostende,440,09-07-2009 15:35,LAR,LARTHU
330,Werkgroep onderwijs,442,09-07-2009 15:38,LAR,LARTHU
331,Drugoverleg,437,09-07-2009 15:44,LAR,LARTHU
332,Werkgroep Middelen & Onderwijs,443,09-07-2009 15:46,LAR,LARTHU
333,Werkgroep Onderwijs,444,09-07-2009 16:08,LAR,LARTHU
334,Werkgroep Onderwijs,446,09-07-2009 16:18,LAR,LARTHU
335,Drug Overleg Platform ,436,09-07-2009 16:30,LAR,LARTHU
336,preventieteam,450,09-07-2009 16:45,LAR,LARTHU
337,OCPP Brugge,452,28-01-2010 15:49,NWV,NWVNVM
338,Werkgroep Onderwijs,450,10-07-2009 07:45,LAR,LARTHU
339,preventiedienst,453,10-07-2009 07:52,LAR,LARTHU
340,Werkgroep Onderwijs,454,10-07-2009 07:59,LAR,LARTHU
341,werkgroep partywise,450,10-07-2009 08:17,LAR,LARTHU
342,werkgroep Panda,446,10-07-2009 08:47,LAR,LARTHU
343,Stuurgroep,446,10-07-2009 09:23,LAR,LARTHU
344,Drugcoördinator,440,14-07-2009 10:32,NWV,NWVNVM
345,WG onderwijs,440,14-07-2009 10:32,NWV,NWVNVM
346,Jeugddienst,470,14-07-2009 10:43,NWV,NWVNVM
347,Sociale en medische dienst,424,15-07-2009 10:39,AHA,AHALDR
348,Politie KASTZE,423,15-07-2009 10:48,AHA,AHALDR
349,sector onderwijs,351,15-07-2009 10:49,AHA,AHALDR
350,zorgeenheid Erasmus,427,15-07-2009 10:52,AHA,AHALDR
352,Vestiging Lange Sint-Annastraat,473,15-07-2009 13:38,ALT,ALTCCA
353,Consult aan ouders van experimenterende kinderen,34,15-07-2009 15:17,ALT,ALTCCA
354,Infomoment studenten,34,15-07-2009 16:45,ALT,ALTCCA
355,Kinderen en jongeren 0 - 21 jaar,478,16-07-2009 10:27,ALT,ALTCCA
356,Volwassenen,478,16-07-2009 10:28,ALT,ALTCCA
357,Samen op straat,479,16-07-2009 10:50,ALT,ALTCCA
358,Preventie & Minderheden,34,16-07-2009 10:58,ALT,ALTCCA
359,werkgroep Consult aan ouders,432,16-07-2009 11:32,ALT,ALTCCA
360,Jongerencoaching,480,16-07-2009 13:32,ALT,ALTCCA
361,Buurtregie Berchem,482,22-07-2009 11:34,ALT,ALTCCA
362,Vuurkruisenlaan,484,22-07-2009 12:05,ALT,ALTCCA
363,Oase,484,22-07-2009 12:05,ALT,ALTCCA
364,Atelier,484,22-07-2009 12:05,ALT,ALTCCA
365,Metropolis,484,22-07-2009 12:06,ALT,ALTCCA
366,Team Kiel (NOVA),479,23-07-2009 10:36,ALT,ALTCCA
367,Sociale Adviseurs,482,23-07-2009 10:45,ALT,ALTCCA
368,werkgroep ad hoc,432,23-07-2009 11:26,ALT,ALTCCA
369,PRED-weekend,488,23-07-2009 12:10,ALT,ALTCCA
370,CVO Lerarenopleiding,490,23-07-2009 14:24,ALT,ALTCDM
371,Emmaüs MPI,492,23-07-2009 14:28,ALT,ALTCCA
372,werkgroep BJZ,432,23-07-2009 16:28,ALT,ALTMLE
373,werkgroep OCMW,432,23-07-2009 16:28,ALT,ALTMLE
374,Ad hoc SEM-J,432,23-07-2009 16:29,ALT,ALTMLE
375,Dienst opleidingen,516,23-07-2009 17:06,ALT,ALTJDS
376,overleg vlaamse peerprojecten,432,23-07-2009 17:28,ALT,ALTJDS
377,Buurtregie Antwerpen Noord,482,24-07-2009 14:17,ALT,ALTJDS
378,Werkgroep Planmatig werken,432,29-07-2009 13:32,ALT,ALTJDS
379,Werkgroep Onderwijs,432,24-07-2009 15:07,ALT,ALTJDS
380,Werkgroep BJZ,450,27-07-2009 14:46,NWV,NWVJOJ
381,Werkgroep beleidsmatig werken OCMW,450,27-07-2009 14:46,NWV,NWVJOJ
382,Werkgroep kinderen van druggebruikende ouders,440,27-07-2009 15:00,NWV,NWVJOJ
383,Preventieteam,371,28-07-2009 11:25,VAD,VADMDB
384,Werkgroep consult,371,28-07-2009 11:48,VAD,VADMDB
385,Werkgroep zelfhulpboekje gokken,371,28-07-2009 12:06,VAD,VADMDB
386,Ad hoc werkgroep gokken preventie,371,28-07-2009 12:10,VAD,VADMDB
387,Werkgroep hulpverlening gokken ,371,28-07-2009 12:25,VAD,VADMDB
388,Stuurgroep VAD/CGG a&d preventiewerk,371,28-07-2009 12:30,VAD,VADMDB
389,Vormingen preventie,371,28-07-2009 12:41,VAD,VADMDB
390,Stuurgroep werkwijzer preventie,371,28-07-2009 13:17,VAD,VADMDB
391,Ad hoc werkgroep CGG pw a&d,371,28-07-2009 13:21,VAD,VADMDB
392,wg grenzen stellen,371,28-07-2009 13:35,VAD,VADTVH
393,wg DIB,371,28-07-2009 13:35,VAD,VADTVH
394,wg jeugdhuizen,371,28-07-2009 13:35,VAD,VADTVH
395,Uitgaansonderzoek,371,28-07-2009 13:41,VAD,VADTVH
396,wg spoed,371,28-07-2009 13:42,VAD,VADTVH
397,Jeugdwerk,371,28-07-2009 13:42,VAD,VADTVH
398,Doelgroepregie,482,28-07-2009 15:03,ALT,ALTLDM
399,Limburgs Platform Verslaving,527,28-07-2009 15:19,VAD,VADMDB
400,HNT,371,29-07-2009 09:11,VAD,VADTVH
401,HEROES,371,29-07-2009 09:11,VAD,VADTVH
402,werkgroep Partywise,432,29-07-2009 13:35,ALT,ALTJDS
403,LIDO (lok. intersect. drugoverleg),510,29-07-2009 13:40,ALT,ALTJDS
404,LIDO (lok. intersect. drugoverleg),482,29-07-2009 13:41,ALT,ALTJDS
405,Werkgroep Epidemiologie en Onderzoek,510,29-07-2009 14:33,ALT,ALTJDS
406,thuislozensector,497,30-07-2009 16:05,ALT,ALTMLE
407,preventieteam,34,30-07-2009 16:10,ALT,ALTMLE
408,Onderwijs - Ilse Bernaert,545,03-08-2009 11:24,DEL,DELILE
409,Arbeid - Marie-Claire Lambrechts,545,03-08-2009 11:24,DEL,DELILE
410,Welzijn - Inge Baeten,545,03-08-2009 11:24,DEL,DELILE
411,Bijzondere jeugdzorg - Inge Baeten,545,03-08-2009 11:24,DEL,DELILE
412,Preventieteam - Mia De Bock,545,03-08-2009 11:25,DEL,DELILE
413,Uitgaan en vrije tijd - Jochen Schrooten,545,03-08-2009 11:25,DEL,DELILE
414,Jeugdwerk - Nina De Paepe,545,03-12-2010 10:12,DEL,DELTDB
415,Welzijnshuis - An Opgenaffen,540,03-08-2009 11:46,DEL,DELILE
416,Scholenoverleg Sint-Niklaas,540,03-08-2009 11:51,DEL,DELILE
417,BUSO - Nora Heirbaut,546,03-08-2009 12:12,DEL,DELILE
418,SOC - Lia Buys,546,03-08-2009 12:13,DEL,DELILE
419,BuSO,547,03-08-2009 12:18,DEL,DELILE
420,GEZONDHEIDSRAAD DIEPENBEEK,286,03-08-2009 14:22,CAD,CADJAE
421,INTEGRATIEDIENST,223,04-08-2009 14:16,CAD,CADKKE
422,JEUGDHUIZENOVERLEG,225,04-08-2009 14:35,CAD,CADKKE
423,TURKSE UNIE,223,04-08-2009 15:54,CAD,CADKKE
424,LOM (Lokaal drugoverleg Lokeren),555,05-08-2009 14:07,DEL,DELILE
425,Lokaal Drugoverleg Beveren,558,05-08-2009 14:08,DEL,DELILE
426,Scholenoverleg,558,05-08-2009 14:08,DEL,DELILE
427,Preventie-adviseur,558,05-08-2009 14:09,DEL,DELILE
428,Vestiging Beveren,547,05-08-2009 14:40,DEL,DELILE
429,Vestiging Sint-Niklaas,547,05-08-2009 14:41,DEL,DELILE
430,Vestiging Dendermonde,547,05-08-2009 14:41,DEL,DELILE
431,Vestiging Lokeren,547,05-08-2009 14:41,DEL,DELILE
432,Leertijd,564,05-08-2009 15:14,DEL,DELILE
433,BUSO - Ilse Bernaert,545,05-08-2009 15:17,DEL,DELILE
434,Stedelijke preventiedienst,565,05-08-2009 15:22,DEL,DELILE
435,Huis van Het Kind,540,05-08-2009 15:53,DEL,DELILE
436,GROS,225,06-08-2009 15:17,CAD,CADKKE
437,KSTVV,215,06-08-2009 15:25,CAD,CADKKE
438,KSJ EKSEL,224,06-08-2009 15:55,CAD,CADKKE
439,Schepen van Sociale Zaken - Frans Vandermeiren,580,07-08-2009 14:15,DEL,DELTDB
440,kinderteam Vilvoorde,420,10-08-2009 14:35,AHA,AHALDR
441,team VDIP,420,10-08-2009 14:55,AHA,AHALDR
442,GEZONDHEIDSRAAD,56,10-08-2009 15:44,CAD,CADKJA
443,OCMW,56,10-08-2009 15:47,CAD,CADKJA
444,PLOK,56,10-08-2009 15:57,CAD,CADKJA
445,MEGA,56,10-08-2009 16:03,CAD,CADKJA
446,drugs in beweging,351,10-08-2009 16:25,AHA,AHALDR
448,kinderteam Asse,420,10-08-2009 16:44,AHA,AHALDR
449,Jeugddienst,540,11-08-2009 09:35,DEL,DELTDB
450,Stedelijke preventiedienst,537,11-08-2009 09:54,DEL,DELTDB
451,jeugddienst,537,11-08-2009 09:54,DEL,DELTDB
452,ocmw,537,11-08-2009 09:54,DEL,DELTDB
453,senator Wille,591,11-08-2009 10:01,VAD,VADMGE
454,jeugdhuis zenith,537,11-08-2009 11:24,DEL,DELTDB
455,Beverse Feesten,558,11-08-2009 11:35,DEL,DELTDB
456,denkgroep preventie,371,11-08-2009 11:56,VAD,VADMGE
457,adviesgroep,371,11-08-2009 11:57,VAD,VADMGE
459,Raad van bestuur,371,11-08-2009 12:14,VAD,VADMGE
460,dagelijks bestuur,371,11-08-2009 12:14,VAD,VADMGE
461,PARDOV,601,11-08-2009 12:18,VAD,VADMGE
462,sectoroverleg,602,11-08-2009 12:23,VAD,VADMGE
463,begeleidingscomité Fonds ter bestrijding van V.,588,11-08-2009 12:33,VAD,VADMGE
464,wg drugtesten,371,11-08-2009 12:35,VAD,VADMGE
465,STUURGROEP,255,12-08-2009 10:48,CAD,CADKJA
466,WERKGROEP PREVENTIE,609,12-08-2009 11:15,CAD,CADEGI
467,MEGA,255,12-08-2009 11:36,CAD,CADKJA
468,PESTALOZZI CAMPUS,615,12-08-2009 12:07,ALT,ALTJDS
469,OCMW,289,12-08-2009 13:00,CAD,CADEGI
470,OCMW,320,12-08-2009 13:07,CAD,CADEGI
471,STUURGROEP ALG ALCOHOL- EN DRUGPREVENTIECAMPAGNE,247,12-08-2009 13:23,CAD,CADKJA
472,BUSO,251,12-08-2009 13:51,CAD,CADKJA
473,Safer Nightlife platform,621,12-08-2009 14:23,ALT,ALTJDS
474,PUD-ding,502,12-08-2009 14:36,ALT,ALTJDS
475,JEUGDHUIS DE SCHELFT,234,12-08-2009 14:39,CAD,CADKJA
476,SPORTDIENST,234,12-08-2009 14:46,CAD,CADKJA
477,PREVENTIERAAD,257,12-08-2009 15:03,CAD,CADKJA
478,JEUGDDIENST,257,12-08-2009 15:04,CAD,CADKJA
479,MEGA,257,12-08-2009 15:04,CAD,CADKJA
480,OCMW,257,12-08-2009 15:04,CAD,CADKJA
481,JEUGDHUIS DE MANS,257,12-08-2009 15:04,CAD,CADKJA
482,SPORTDIENST,257,12-08-2009 15:04,CAD,CADKJA
483,MEGA,238,13-08-2009 14:54,CAD,CADKJA
484,ECAT-David Möbius,545,24-08-2009 14:50,DEL,DELILE
485,schepen van sociale zaken,537,24-08-2009 15:23,DEL,DELILE
486,Directie,640,24-08-2009 15:33,DEL,DELILE
487,Directie,641,24-08-2009 15:38,DEL,DELILE
488,PAAZ,643,24-08-2009 16:01,DEL,DELILE
489,Dendermonde,566,24-08-2009 16:07,DEL,DELILE
490,Dokter Marco Guidi,645,24-08-2009 16:15,DEL,DELILE
491,Dienst justitieel welzijnswerk,648,24-08-2009 16:32,DEL,DELILE
492,deelwerking onthaaltehuis ,648,24-08-2009 16:36,DEL,DELILE
493,Departement sociaal-agogisch werk,651,24-08-2009 17:49,ALT,ALTCDM
494,regiodirectie Christel Geltmeyer,653,25-08-2009 08:53,DEL,DELILE
495,Spoed,643,25-08-2009 09:00,DEL,DELILE
496,project interfamiliaal geweld,648,25-08-2009 09:10,DEL,DELILE
497,Dokter Saeys ,655,25-08-2009 10:42,DEL,DELILE
498,Dokter Schoorens,655,25-08-2009 10:45,DEL,DELILE
499,Apotheek Karel Van Hoye,656,25-08-2009 10:51,DEL,DELILE
500,KSJ ,537,25-08-2009 10:56,DEL,DELILE
501,jeugdhuis Snuffel,537,25-08-2009 11:06,DEL,DELILE
502,Scouts & Gidsen Sint Paulus Baden Powell,537,23-12-2009 11:45,DEL,DELILE
503,Chiro Kreale,537,25-08-2009 11:15,DEL,DELILE
504,Chiro Bobo,537,25-08-2009 11:15,DEL,DELILE
505,Chiro Sagevo,537,25-08-2009 11:15,DEL,DELILE
506,Chiro Kadee,537,25-08-2009 11:22,DEL,DELILE
507,AFDELING JONGVOLWASSENEN,658,25-08-2009 11:47,CAD,CADMVS
508,overleg regionale preventiewerker,371,25-08-2009 13:31,VAD,VADIBA
509,werkgroep bijzondere jeugdzorg,371,25-08-2009 13:40,VAD,VADIBA
510,werkgroep ocmw,371,25-08-2009 13:55,VAD,VADIBA
511,Den Helleput,663,25-08-2009 14:00,DEL,DELILE
512,Taverne Tijl,663,25-08-2009 14:00,DEL,DELILE
513,'t Belfort ,663,25-08-2009 14:01,DEL,DELILE
514,Sint-Joris,663,25-08-2009 14:01,DEL,DELILE
515,Café Piron,663,25-08-2009 14:01,DEL,DELILE
516,Chill' In,663,25-08-2009 14:02,DEL,DELILE
517,Café Top Tien,663,25-08-2009 14:02,DEL,DELILE
518,Escapade ,663,25-08-2009 14:03,DEL,DELILE
519,Cultuurdienst,537,25-08-2009 14:53,DEL,DELILE
520,Stuurgroep werkwijzer,450,28-08-2009 11:05,NWV,NWVJOJ
521,OCMW,156,28-08-2009 13:11,CAD,CADTCH
522,PREVENTIETEAM,91,01-09-2009 13:26,CAD,CADMVS
525,OCMW,89,09-09-2009 15:09,CAD,CADMVS
526,CULTUURDIENST ,111,09-09-2009 15:19,CAD,CADMVS
527,Preventiewerk/vormingen sector arbeid,371,11-09-2009 11:02,VAD,VADJCL
528,PRIC,96,14-09-2009 09:19,CAD,CADTCH
529,Vitalsounds/CAW stimulans,667,14-09-2009 10:26,VAD,VADJOS
530,Breakline/vagga altox,667,14-09-2009 10:27,VAD,VADJOS
531,Stad Gent (Filip Desager),667,14-09-2009 10:27,VAD,VADJOS
532,Stad Oostende (Steve Bauwens),667,14-09-2009 10:27,VAD,VADJOS
538,Werkgroep Partywise,664,14-09-2009 10:33,VAD,VADJOS
539,Werkgroep peer support,371,14-09-2009 10:45,VAD,VADJOS
540,Werkgroep Partywise,371,14-09-2009 10:45,VAD,VADJOS
541,CAD,371,14-09-2009 11:02,VAD,VADJOS
542,vagga altox,371,14-09-2009 11:30,VAD,VADJOS
543,Breakline,371,14-09-2009 11:34,VAD,VADJOS
544,Breakline,688,14-09-2009 11:36,VAD,VADJOS
545,Road,521,15-09-2009 14:45,NWV,NWVKVR
546,Road,444,15-09-2009 14:46,NWV,NWVKVR
547,Werkgroep Bijzondere Jeugdzorg,440,10-11-2010 16:10,LAR,LAREVB
548,Werkgroep Trefvoormiddag,443,15-09-2009 15:38,NWV,NWVKVR
549,SEM-J,545,17-09-2009 13:51,DEL,DELTDB
550,Adviesraad,453,07-10-2009 10:26,NWV,NWVRDV
551,stuurgroep,440,07-10-2009 10:30,NWV,NWVRDV
552,LOD Merelbeke,696,13-10-2009 13:31,KIE,KIEMEE
553,STEUNPUNT ONDERWIJS,242,19-10-2009 16:02,CAD,CADDFR
554,sector arbeid,351,21-10-2009 11:11,AHA,AHALDR
555,jongeren en middelenmisbruik,585,21-10-2009 12:19,AHA,AHALDR
556,doorverwijzing,585,21-10-2009 12:19,AHA,AHALDR
557,drughulpverlening halle-vilvoorde,585,21-10-2009 12:19,AHA,AHALDR
558,Buurtregie Kiel,482,21-10-2009 15:12,ALT,ALTCCA
559,School aan de Beurt,480,21-10-2009 15:35,ALT,ALTCCA
560,PROVINCIAAL VEILIGHEIDSCOMITE,96,16-11-2009 10:48,CAD,CADMVS
561,VPK,718,16-11-2009 11:26,CAD,CADMVS
562,DIENST COMMUNICATIE,159,16-11-2009 14:17,CAD,CADKBO
563,hannelore grubben,719,16-11-2009 14:34,CAD,CADKBO
564,WERKGROEP PROJECTDAGEN,720,16-11-2009 14:40,CAD,CADKBO
565,DIENST KMO,156,16-11-2009 15:32,CAD,CADKBO
566,HET KOMPAS,725,16-11-2009 16:11,CAD,CADMVS
567,EUROPARENTS,103,16-11-2009 16:22,CAD,CADMVS
568,POLITIE,159,17-11-2009 10:25,CAD,CADKBO
569,DIENST LOKALE ECONOMIE,158,17-11-2009 13:58,CAD,CADKBO
572,Opleidingscentrum Fundament,747,26-11-2009 14:13,LEU,LEUJBO
573,Preventiedienst stad Leuven,753,27-11-2009 12:37,LEU,LEUGMA
574,Preventiedienst stad Diest,753,27-11-2009 12:38,LEU,LEUGMA
575,Preventiedienst stad Tienen,753,27-11-2009 12:38,LEU,LEUGMA
576,"Rudi Reyners, provincie Vlaams-Brabant",753,27-11-2009 12:38,LEU,LEUGMA
577,Intergemeentelijke PW Keerbergen enz.,753,27-11-2009 12:40,LEU,LEUGMA
578,Intergemeentelijke PW Rotselaar enz.,753,27-11-2009 12:41,LEU,LEUGMA
579,Björn Steuts,759,27-11-2009 13:17,LEU,LEUGMA
580,OCMW,103,30-11-2009 11:16,CAD,CADMVS
581,sector horeca,765,01-12-2009 16:44,LEU,LEUGMA
582,SENIORENRAAD,93,02-12-2009 12:59,CAD,CADDDA
583,THEMASESSIE,91,02-12-2009 13:43,CAD,CADDDA
584,REGIOTEAM BERINGEN,91,02-12-2009 14:22,CAD,CADDDA
585,volwassenteam Asse,420,07-12-2009 11:48,AHA,AHAIVR
586,kinder- en volwassenteam Asse,420,07-12-2009 11:49,AHA,AHAIVR
587,team Grimbergen,420,07-12-2009 12:16,AHA,AHAIVR
588,volwassenteam Vilvoorde,420,07-12-2009 12:21,AHA,AHAIVR
589,VLABO middelen,585,08-12-2009 09:31,AHA,AHAIVR
590,volwassenteam Halle,420,08-12-2009 10:24,AHA,AHAIVR
591,werkgroep drugs,420,08-12-2009 10:29,AHA,AHAIVR
592,DIENSTENCENTRUM DE KRING,234,08-12-2009 16:08,CAD,CADKJA
593,JEUGDRAAD,234,08-12-2009 16:13,CAD,CADKJA
594,ECAT Tienen,765,08-12-2009 17:10,LEU,LEUJBO
595,Project het huis,443,29-12-2009 11:21,NWV,NWVKVR
596,medische werkgroep,440,09-12-2009 10:11,NWV,NWVRDV
597,werkgroep drugbeleid,452,09-12-2009 10:16,NWV,NWVRDV
598,ECAT,537,09-12-2009 13:55,DEL,DELTDB
599,JOCO's,485,11-12-2009 10:53,ALT,ALTCCA
600,stuurgroep ASSIST-project,800,14-12-2009 11:55,VAD,VADIBA
601,project ASSIST,371,18-12-2009 13:56,VAD,VADJCL
602,EXPOO,662,14-12-2009 12:03,VAD,VADIBA
603,CAT AIDA CONSULT,332,10-08-2010 23:58,CAT,CATRUG
604,Beheerscomité AKM,384,15-12-2009 14:10,CAT,CATANS
605,Beheerscomité ELZA,385,15-12-2009 14:23,CAT,CATANS
607,HUISARTSENKRING,225,16-12-2009 14:37,CAD,CADKKE
608,Elegast Jacob Jordaens,830,17-12-2009 10:38,ALT,ALTCDM
609,Elegast Harmonie,830,17-12-2009 10:38,ALT,ALTCDM
610,Elegast Potgieter,830,17-12-2009 10:38,ALT,ALTCDM
611,afdeling jeugd/cel jeugdcriminaliteit,488,17-12-2009 13:20,ALT,ALTMDC
612,werkgroep PCA,432,17-12-2009 13:48,ALT,ALTMDC
613,CONSULTATIEVE PREVENTIERAAD,223,17-12-2009 14:01,CAD,CADKKE
614,senioren Wijnegem,404,17-12-2009 14:23,ALT,ALTMDC
615,Jeugdzorg,473,10-08-2010 10:51,ALT,ALTCDM
618,Overleg VAD,388,17-12-2009 14:39,CAT,CATANS
619,Druglijn,432,17-12-2009 14:45,ALT,ALTCDM
620,OCMW,223,17-12-2009 14:59,CAD,CADKKE
621,stuurgroep,442,18-12-2009 11:48,LAR,LARTHU
622,kerngroep,442,18-12-2009 11:48,LAR,LARTHU
623,Project vroeginterventie via groepswerking,371,18-12-2009 13:50,VAD,VADJCL
624,project webbased leertraject,371,18-12-2009 13:52,VAD,VADJCL
625,werkgroep gokken,47,21-12-2009 14:36,CAD,CADEGI
626,VZW BASIS,127,21-12-2009 15:39,CAD,CADJAE
627,De Wilg Sociaal Centrum,494,21-12-2009 16:17,ALT,ALTCDM
628,vervolg op ECAT,510,25-05-2011 14:10,ALT,ALTJDS
629,minister Vandeurzen,589,22-12-2009 11:46,VAD,VADMGE
630,Kurt Doms,588,22-12-2009 11:59,VAD,VADMGE
631,ad hoc EU voorzitterschap,858,22-12-2009 12:37,VAD,VADMGE
632,kankerplan,588,22-12-2009 13:33,VAD,VADMGE
633,leden,371,22-12-2009 13:43,VAD,VADMGE
634,STUURGROEP RONDHANGENDE JONGEREN,289,22-12-2009 15:48,CAD,CADEGI
635,Scouts en Gidsen Baden-Powell Dendermonde,923,23-12-2009 11:25,DEL,DELILE
636,Lokaal beleid - Kitty Messiaen,545,23-12-2009 11:57,DEL,DELILE
638,JEUGDRAAD,130,23-12-2009 11:59,CAD,CADEGI
639,Horeca-overleg,540,23-12-2009 15:04,DEL,DELILE
640,Dienst Welzijn en gezondheid,936,23-12-2009 15:21,DEL,DELILE
641,Evaluatie - Mieke Autrique,545,24-12-2009 09:43,DEL,DELILE
642,kerngroep lokaal middelenbeleid,693,28-12-2009 11:15,NWV,NWVKVR
643,stuurgroep lokaal middelenbeleid,693,28-12-2009 11:15,NWV,NWVKVR
644,kerngroep lokaal middelenbeleid,460,28-12-2009 13:08,NWV,NWVKVR
645,stuurgroep lokaal middelenbeleid,460,28-12-2009 13:09,NWV,NWVKVR
646,kerngroep lokaal middelenbeleid,692,28-12-2009 13:33,NWV,NWVKVR
647,stuurgroep lokaal middelenbeleid,692,28-12-2009 13:33,NWV,NWVKVR
648,stuurgroep lokaal middelenbeleid,444,29-12-2009 10:28,NWV,NWVKVR
649,kerngroep lokaal middelenbeleid,444,29-12-2009 10:28,NWV,NWVKVR
650,kerngroep DOS,949,29-12-2009 10:50,NWV,NWVKVR
651,stuurgroep DOS,949,29-12-2009 10:50,NWV,NWVKVR
653,Intervisie Bijzondere Jeugdzorg,440,29-12-2009 13:30,NWV,NWVKVR
654,stuurgroep +cafe,453,29-12-2009 14:59,NWV,NWVKVR
655,Werkgroep Grenzen Stellen,450,29-12-2009 16:15,NWV,NWVKVR
656,WG onderwijs,371,29-12-2009 16:16,VAD,VADIBE
657,WG Buitengewoon onderwijs,371,29-12-2009 16:17,VAD,VADIBE
658,sectoroverleg onderwijs,371,14-12-2010 16:37,VAD,VADIBE
659,Werkgroep Trajectbegeleiding,963,30-12-2009 11:43,VAD,VADIBE
660,Commissie gezondheidsbevordering,963,30-12-2009 11:43,VAD,VADIBE
661,Werkgroep website,963,30-12-2009 11:43,VAD,VADIBE
663,Studio monk,371,30-12-2009 16:01,VAD,VADJOS
664,"Ugent, vakgroep geografie",371,30-12-2009 16:16,VAD,VADJOS
665,leerlingbevraging 2009,453,30-12-2009 16:42,NWV,NWVKVR
666,Onderwijs,967,04-01-2010 10:18,KAS,KASJVV
667,Jeugd,967,04-01-2010 10:18,KAS,KASJVV
668,Sport,967,04-01-2010 10:18,KAS,KASJVV
669,Onderwijs,968,04-01-2010 10:19,KAS,KASJVV
670,Jeugd,968,04-01-2010 10:19,KAS,KASJVV
671,Sport,968,04-01-2010 10:19,KAS,KASJVV
672,Onderwijs,969,04-01-2010 10:19,KAS,KASJVV
673,Jeugd,969,04-01-2010 10:19,KAS,KASJVV
674,Sport,969,04-01-2010 10:19,KAS,KASJVV
675,OCMW,968,04-01-2010 11:22,KAS,KASJVV
676,OCMW,969,04-01-2010 11:22,KAS,KASJVV
677,OCMW,967,04-01-2010 11:22,KAS,KASJVV
678,Welzijn,969,04-01-2010 11:31,KAS,KASJVV
679,Welzijn,968,04-01-2010 11:39,KAS,KASJVV
680,Preventie,982,04-01-2010 15:54,VAD,VADJRO
681,Dienst Welzijn en Gezondheid,984,04-01-2010 15:58,VAD,VADJRO
682,Dienst Welzijn en Gezondheid,35,04-01-2010 15:59,VAD,VADJRO
683,werkgroep hulpverlening,986,05-01-2010 10:31,NWV,NWVRDV
685,Dept. Klinische Psychologie,991,06-01-2010 09:58,VAD,VADJRO
686,Vakgroep Maatschappelijke Gezondheidkunde,992,06-01-2010 10:00,VAD,VADJRO
687,Vakgroep Epidemiologie en Sociale Geneeskunde,997,06-01-2010 10:08,VAD,VADJRO
688,Werkgroep Studie en Onderzoek,371,06-01-2010 10:09,VAD,VADJRO
689,preventie-aanbieders,510,06-01-2010 10:41,ALT,ALTLDM
690,Gemeentelijk overlegplatform (GOP),625,06-01-2010 13:34,ALT,ALTLDM
691,Kerngroep,446,07-01-2010 11:19,LAR,LARIHI
692,Werkgroep subtitutie,446,07-01-2010 11:51,LAR,LARIHI
693,Drugcoördinator,1014,08-01-2010 14:37,CAT,CATRUG
694,PC Arbeid,330,08-01-2010 14:54,CAT,CATRUG
695,Steunpunt leerrecht- en leerplichtbegeleiding,1014,11-01-2010 10:49,CAT,CATCHK
696,WG onderwijs,784,12-01-2010 11:36,NWV,NWVRDV
697,WG BJZ,453,11-01-2010 11:50,LAR,LAREVB
698,DrugoverlegPlatform (DOP),1028,11-01-2010 13:38,NWV,NWVNVM
699,campus Patijntjesstraat,1030,11-01-2010 14:11,CAT,CATRUG
700,campus E. De Deynestraat Zwijnaarde,1030,11-01-2010 14:03,CAT,CATRUG
701,denkgroep preventie,450,11-01-2010 14:15,NWV,NWVRDV
702,werkgroep drugbeleid,986,11-01-2010 14:23,NWV,NWVRDV
703,algemene bevolking,383,11-01-2010 14:41,CAT,CATRUG
704,De Betsberg Oosterzele,1037,11-01-2010 15:09,CAT,CATRUG
705,Studentenambtenaar,1014,11-01-2010 15:15,CAT,CATRUG
706,DrugCoördinatieCel (DCC),1050,11-01-2010 15:31,VLB,VLBRRE
707,ACV Aalst-Oudenaarde,1051,11-01-2010 15:43,CAT,CATRUG
708,Vormingsdienst Gent,1052,11-01-2010 15:57,CAT,CATRUG
709,sec. onderwijs  werkregio drugpunt,383,11-01-2010 16:06,CAT,CATRUG
710,ACV Gent-Eeklo,1051,11-01-2010 16:10,CAT,CATRUG
711,infomiddag,432,12-01-2010 09:21,ALT,ALTJDS
712,Verkeersweekend,488,12-01-2010 09:49,ALT,ALTJDS
713,SITO 5,615,12-01-2010 10:00,ALT,ALTJDS
714,Divisie Rehabilitatie,1055,12-01-2010 10:11,GEE,GEETCO
715,Jeugdcentrum,1056,12-01-2010 10:11,GEE,GEETCO
716,Preventieraad,1056,12-01-2010 10:12,GEE,GEETCO
717,Vorming Uitgaan Werkwijzer,432,12-01-2010 10:15,ALT,ALTJDS
718,Oudercomité,1062,12-01-2010 11:40,CAT,CATRUG
719,Raad Van Beheer,450,12-01-2010 11:44,NWV,NWVRDV
720,Algemene vergadering,1064,12-01-2010 11:49,NWV,NWVRDV
721,Algemene vergadering,1064,12-01-2010 11:49,NWV,NWVRDV
722,programmacommissie,450,12-01-2010 12:04,NWV,NWVRDV
723,werkgroep omgevingsanalyse,440,12-01-2010 13:55,NWV,NWVRDV
724,Algemene vergadering,440,12-01-2010 14:07,NWV,NWVRDV
725,"Algemene bevolking, organisaties en instellingen",1014,12-01-2010 14:19,CAT,CATRUG
726,Werkgroep Casselman (rol politie en drugpreventie),1050,12-01-2010 14:50,VLB,VLBRRE
727,werkgroep lesmap Speed voor beginnende leerkrachtn,1050,12-01-2010 14:51,VLB,VLBRRE
728,Werkgroep Drugsspel voor jongeren,1050,12-01-2010 14:51,VLB,VLBRRE
729,Technische Werkgroep Drugs-intersectoraal overleg,1050,12-01-2010 14:55,VLB,VLBRRE
731,Ecatproject,453,12-01-2010 15:49,NWV,NWVRDV
732,training bedrijfshulpverleners,450,12-01-2010 16:07,NWV,NWVRDV
733,Begeleidingscommissie alcohol en zwangerschap,588,12-01-2010 16:20,VAD,VADIDM
735,Werkgroep studiedag VAD,371,12-01-2010 16:29,VAD,VADIDM
736,Dienst Preventie en Veiligheid,1082,13-01-2010 14:53,PDM,PDMIDM
737,Dienst Onderwijs,1082,13-01-2010 14:53,PDM,PDMIDM
738,Jeugddienst,1082,13-01-2010 14:53,PDM,PDMIDM
739,PPM,751,13-01-2010 15:53,LEU,LEUMCO
740,WG Casselman,751,13-01-2010 15:53,LEU,LEUMCO
741,Preventie A&D,814,13-01-2010 16:10,LEU,LEUMCO
742,Onderwijs,756,13-01-2010 16:36,LEU,LEUMCO
743,PTC,1107,14-01-2010 11:40,PRI,PRIVDA
744,De Vest,1107,14-01-2010 11:41,PRI,PRIVDA
745,CAW Mozaïek preventie,1108,14-01-2010 11:44,PRI,PRIVDA
746,INTERN WERKGROEP MINDERHEDEN,223,14-01-2010 12:01,CAD,CADSTU
747,Buurtcomité vrijhei,158,14-01-2010 12:05,CAD,CADSTU
748,UNIE VAN TURKSE VERENIGINGEN,88,14-01-2010 13:15,CAD,CADSTU
749,RIMO,223,05-01-2011 17:15,CAD,CADSTU
750,Dienst Lokale Preventie en Veiligheid,1014,14-01-2010 15:06,CAT,CATCHK
751,Onderwijs,330,14-01-2010 15:10,CAT,CATCHK
752,Faculteit Psychologie en Pedagogische Wetenschappe,1151,14-01-2010 16:07,CAT,CATCHK
753,OCMW,158,15-01-2010 13:11,CAD,CADKBO
754,Dienst gezondheidsbevordering,1159,15-01-2010 16:18,CAT,CATETJ
755,WG BJZ,330,15-01-2010 16:40,CAT,CATETJ
756,WG Gokken en Internet,330,15-01-2010 16:52,CAT,CATETJ
757,TUPPERCARE,91,18-01-2010 10:53,CAD,CADSTU
758,ALEVIETENVERENIGING,215,18-01-2010 11:13,CAD,CADSTU
759,BUURTCOMITé EISDEN,158,18-01-2010 13:52,CAD,CADSTU
760,Gezondheid,967,20-01-2010 08:37,KAS,KASJVV
761,Departement SOAG,1221,21-01-2010 10:45,VAD,VADNDP
762,Lokaal Beleid,371,21-01-2010 12:02,VAD,VADKIM
763,Project Brugge,1243,25-01-2010 14:58,NWV,NWVRDV
764,Project Oostende,1243,25-01-2010 14:59,NWV,NWVRDV
765,arbeid,453,25-01-2010 15:29,NWV,NWVRDV
766,preventieraad,440,25-01-2010 15:47,NWV,NWVRDV
767,Werkgroep hulpverlening,446,28-01-2010 10:20,LAR,LARIHI
768,Jeugddienst,1257,28-01-2010 12:40,NWV,NWVNVM
769,WG onderwijs,453,28-01-2010 12:55,NWV,NWVNVM
770,WG ouders,453,28-01-2010 12:58,NWV,NWVNVM
771,Werkgroep instrumenten planmatig werken,371,28-01-2010 13:50,VAD,VADMAU
772,vakgroep strafrecht en criminologie,992,28-01-2010 14:48,VAD,VADMAU
773,vakgroep orthopedagogiek,992,28-01-2010 14:49,VAD,VADMAU
774,WG instrumenten voor planmatig werken,450,28-01-2010 16:04,NWV,NWVNVM
775,Werkgroep Middelen en werk,443,28-01-2010 16:05,LAR,LARIHI
776,WG Drugs in beweging,450,28-01-2010 16:07,NWV,NWVNVM
777,ad hoc WG gevangenis,450,28-01-2010 16:27,NWV,NWVNVM
778,Algemene vergadering,446,28-01-2010 16:30,LAR,LARIHI
779,WG onderwijs,1064,28-01-2010 16:46,NWV,NWVNVM
780,WG huisartsen,453,28-01-2010 16:54,NWV,NWVNVM
781,Arktos west-Vlaanderen,1266,28-01-2010 17:32,NWV,NWVNVM
782,Medische werkgroep,440,28-01-2010 17:55,NWV,NWVNVM
784,preventie,1269,01-02-2010 14:06,LAR,LARTHU
785,hulpverlening,1269,01-02-2010 14:06,LAR,LARTHU
786,projectvroeginterventie,680,01-02-2010 15:44,NWV,NWVRDV
787,Bachelor secundair onderwijs,1271,01-02-2010 16:34,NWV,NWVNVM
788,Jeugddienst,444,01-02-2010 17:29,NWV,NWVNVM
789,Antennepost CAW,1086,02-02-2010 09:55,HAV,HAVWVE
790,Scholen Wemmel,748,02-02-2010 10:00,HAV,HAVWVE
791,Scholen Linkebeek,748,02-02-2010 10:01,HAV,HAVWVE
792,Scholen Wezembeek-Oppem,748,02-02-2010 10:02,HAV,HAVWVE
793,Scholen Kraainem,748,02-02-2010 10:02,HAV,HAVWVE
794,Scholen Drogenbos,748,02-02-2010 10:02,HAV,HAVWVE
795,GH Wemmel,833,02-02-2010 10:12,HAV,HAVWVE
796,Beheerscomité,833,02-02-2010 10:16,HAV,HAVWVE
797,Stuurgroep,833,02-02-2010 10:16,HAV,HAVWVE
798,ROAD,954,03-02-2010 14:11,LAR,LARIHI
799,DOK,1277,03-02-2010 14:36,LAR,LARIHI
800,Kerngroep,523,03-02-2010 14:40,LAR,LARIHI
801,Stuurgroep,523,03-02-2010 14:43,LAR,LARIHI
803,Programmacommissie arbeid,371,09-02-2010 14:23,VAD,VADMCL
804,Shared HR Servies - Sociale Dienst,1244,09-02-2010 15:17,VAD,VADMCL
805,Werknemerswelzijn,1293,09-02-2010 15:37,VAD,VADMCL
806,Delta,1294,09-02-2010 15:46,VAD,VADMCL
807,Human Resources,1295,09-02-2010 16:09,VAD,VADMCL
808,Modulair vormingsaanbod arbeid,371,09-02-2010 16:13,VAD,VADMCL
809,Dienst Psycho-sociale aspecten,1302,11-02-2010 13:43,VAD,VADMCL
810,Dienst Arbeidsgeneeskunde,1302,11-02-2010 14:32,VAD,VADMCL
811,Nieuwsdienst - researchafdeling,1303,11-02-2010 15:16,VAD,VADMCL
812,Interne Dienst Preventie en Bescherming,1304,11-02-2010 15:23,VAD,VADMCL
813,Arbeidsrecht - Isabel PLETS,1306,11-02-2010 16:02,VAD,VADMCL
814,Internal Services,1308,11-02-2010 18:24,VAD,VADMCL
815,dienst Integrale Veiligheid,1309,11-02-2010 18:30,VAD,VADMCL
816,Preventiedienst,1311,12-02-2010 11:58,VAD,VADMCL
817,Medische dienst,1311,12-02-2010 11:59,VAD,VADMCL
818,Dienst Thuiszorg,1318,15-02-2010 14:30,ALT,ALTLDM
819,ouderenadviesraad,969,19-02-2010 12:56,KAS,KASJVV
820,Training department,1385,19-02-2010 14:21,VAD,VADMCL
821,Interne Dienst Preventie en Bescherming,1385,19-02-2010 14:21,VAD,VADMCL
822,Human Resources,1386,19-02-2010 15:45,VAD,VADMCL
823,Interne Dienst Preventie en Bescherming,1387,19-02-2010 16:32,VAD,VADMCL
824,Preventiedienst,1390,19-02-2010 17:44,VAD,VADMCL
825,Preventiedienst,1391,19-02-2010 17:47,VAD,VADMCL
826,LUCINA,1394,19-02-2010 18:25,VAD,VADMCL
827,Provinciaal Veiligheidscomité,527,19-02-2010 18:47,VAD,VADMCL
828,Medische dienst,1396,19-02-2010 19:11,VAD,VADMCL
829,Interne Dienst Preventie en Bescherming,1398,20-02-2010 20:56,VAD,VADMCL
830,Nationaal Opleidingscentrum,1400,20-02-2010 21:22,VAD,VADMCL
831,AD Humanisering van de Arbeid,1400,20-02-2010 21:24,VAD,VADMCL
832,OPH Oost-Vlaanderen - Coördinatiecomité,1401,20-02-2010 21:39,VAD,VADMCL
833,Provinciaal Comité Bevordering van de Arbeid,35,20-02-2010 21:50,VAD,VADMCL
834,Personeelsdienst,800,20-02-2010 22:01,VAD,VADMCL
835,Provinciaal Comité Bevordering van de Arbeid,984,20-02-2010 22:06,VAD,VADMCL
836,IPV Vormingsinstituut voedingsindustrie,1402,20-02-2010 22:16,VAD,VADMCL
837,AGORIA Oost- en West-Vlaanderen,1404,20-02-2010 22:33,VAD,VADMCL
838,AGORIA Brabant,1404,20-02-2010 22:33,VAD,VADMCL
839,AGORIA Antwerpen en Limburg,1404,20-02-2010 22:34,VAD,VADMCL
840,CCOAB Centrum Ondz.&Opleiding Arbeidsbetrekkingen,1406,21-02-2010 12:17,VAD,VADMCL
841,Preventie ,61,21-02-2010 13:46,VAD,VADMCL
842,Interne Dienst Preventie en Bescherming,1409,21-02-2010 14:10,VAD,VADMCL
843,Personeel en Logistiek,1413,21-02-2010 23:17,VAD,VADMCL
844,Agentschap voor Onderwijscommunicatie - Klasse,1417,23-02-2010 10:17,VAD,VADMCL
845,PreNNe,1418,23-02-2010 10:35,VAD,VADMCL
846,Spoor 21,1423,23-02-2010 18:14,VAD,VADMCL
847,Health and Safety,1425,23-02-2010 19:16,VAD,VADMCL
848,Afdeling Riscobeheersing,1427,23-02-2010 19:23,VAD,VADMCL
849,Interne Dienst Preventie en Bescherming,1437,24-02-2010 14:07,VAD,VADMCL
850,Dept. Economie en Management,1438,24-02-2010 14:24,VAD,VADMCL
851,web TV,1445,24-02-2010 14:50,VAD,VADMCL
852,Interne Dienst Preventie en Bescherming,1467,26-02-2010 12:02,VAD,VADMCL
853,Interne Dienst Preventie en Bescherming,1469,26-02-2010 15:34,VAD,VADMCL
854,Buitenschoolse kinderopvang Hib-Hop,747,05-03-2010 09:58,LEU,LEUJBO
855,Leerwerkbedrijf,1474,09-03-2010 10:31,VAD,VADMCL
856,Personeelsdienst,1486,12-03-2010 12:11,VAD,VADMCL
857,Gemeenschappelijke interne preventiedienst,956,22-03-2010 14:44,VAD,VADMCL
858,Human Resources,1490,22-03-2010 15:47,VAD,VADMCL
859,IDPB,1492,25-03-2010 13:39,VAD,VADMCL
860,IDPB,1493,25-03-2010 13:50,VAD,VADMCL
861,Afdeling interne zaken,1494,25-03-2010 14:53,VAD,VADMCL
862,wg lokaal beleid,330,30-03-2010 15:31,CAT,CATANS
863,sector onderwijs,765,31-03-2010 14:40,LEU,LEUGMA
864,Alle IG PW's Vlaams-Brabant,753,31-03-2010 15:22,LEU,LEUGMA
865,VRT Journaal,1303,01-04-2010 13:01,VAD,VADMCL
866,Radio 1,1303,01-04-2010 13:01,VAD,VADMCL
867,VIRALCO-project,1461,01-04-2010 17:55,VAD,VADMCL
868,IDPB,1533,02-04-2010 16:29,VAD,VADMCL
869,Jeugdhuis Ticket,580,07-04-2010 15:57,DEL,DELTDB
870,DOPO,680,12-04-2010 14:09,LAR,LAREVB
871,vormingsteam,1536,14-04-2010 14:39,ALT,ALTJDS
872,personeelsdienst,480,14-04-2010 15:27,ALT,ALTJDS
873,OKAN WERKGROEP DOS ,110,16-04-2010 15:01,CAD,CADMVS
874,RAAD,1540,16-04-2010 15:06,CAD,CADMVS
875,Human Resources,1541,22-04-2010 19:22,VAD,VADMCL
876,ONDER ONS ,89,23-04-2010 14:48,CAD,CADMVS
877,De lagune,1542,29-04-2010 11:13,ALT,ALTMLE
878,sociale werkplaats ploegsebaan 51 2930 Brasschaat,1545,29-04-2010 17:16,ALT,ALTMLE
879,beschutte werkplaats gemeentepark 6 2930 Brasschaa,1545,29-04-2010 17:17,ALT,ALTMLE
880,Service Assistance,1546,30-04-2010 10:48,VAD,VADMCL
881,Safety,1547,30-04-2010 15:00,VAD,VADMCL
882,STUURGROEP VERSLAVINGSPREVENTIE,215,11-05-2010 13:09,CAD,CADKKE
883,PROVINCIALE JEUGDDIENST,96,12-05-2010 15:00,CAD,CADDFR
884,PROVINCIALE SPORTDIENST,96,12-05-2010 15:01,CAD,CADDFR
885,Medische dienst,1569,20-05-2010 13:41,VAD,VADMCL
886,gezondheid en veiligheid,800,27-05-2010 12:50,VAD,VADKIM
887,JoJo's,480,27-05-2010 17:16,ALT,ALTCCA
888,WERKGROEP LOKAAL BELEID,46,31-05-2010 11:02,CAD,CADKKE
889,LSM,91,02-06-2010 13:04,CAD,CADKBO
890,Preventiedienst Lier,1599,07-06-2010 16:25,GEE,GEETCO
891,Jongerenbeurs Olen,1600,07-06-2010 16:28,GEE,GEETCO
892,Jongerenbeurs Turnhout,1600,07-06-2010 16:28,GEE,GEETCO
893,Project Bijzondere Jeugdzorg,1596,07-06-2010 16:31,GEE,GEETCO
894,Groepje laatste jaar studenten 21-05-2010,1601,07-06-2010 16:33,GEE,GEETCO
895,ACV-jongeren,1602,14-06-2010 16:54,LEU,LEUJBO
896,Drughulp Eerste lijn,1603,16-06-2010 15:30,GEE,GEETCO
897,Internal Safety ,1607,18-06-2010 18:51,VAD,VADMCL
898,werkgroep consult,351,24-06-2010 13:09,AHA,AHAIVR
899,Dagelijks Bestuur,420,24-06-2010 13:13,AHA,AHAIVR
900,CAFT,1630,01-07-2010 14:47,MEA,MEAEVE
901,CANO centrum Neerhof,1630,01-07-2010 14:52,MEA,MEAEVE
902,De Regenboog,1627,01-07-2010 14:48,MEA,MEAEVE
903,De Nieuwe Vaart,1627,01-07-2010 14:50,MEA,MEAEVE
904,Dagcentra De Schans en De Schommel,1627,01-07-2010 14:51,MEA,MEAEVE
905,PAT,1630,01-07-2010 14:53,MEA,MEAEVE
906,Begeleid Zelfstandig Wonen,1630,01-07-2010 14:53,MEA,MEAEVE
907,Thuisbegeleiding,1630,01-07-2010 14:54,MEA,MEAEVE
908,Human Resources,1645,05-07-2010 11:31,VAD,VADMCL
909,WG ifv vroeginterventieproject met GGZ W&D,1647,05-07-2010 13:45,CAT,CATANS
910,Team Intergemeentelijke Preventiewerkers ,388,05-07-2010 14:03,CAT,CATANS
911,PRIMA,388,05-07-2010 14:09,CAT,CATANS
912,Drugpunt Waas,394,28-10-2010 15:00,CAT,CATANS
913,Beheerscomité Lokeren-Berlare-Zele,393,05-07-2010 14:32,CAT,CATANS
914,Human Resources,1651,06-07-2010 10:39,VAD,VADMCL
915,Occupational Health ,1652,06-07-2010 11:19,VAD,VADMCL
916,Mastenhof OBC,1658,07-07-2010 14:34,ALT,ALTCCA
917,Brandweer,482,07-07-2010 14:49,ALT,ALTCCA
918,Straathoekwerkers,1669,08-07-2010 11:18,ALT,ALTCCA
919,Respect 16 campagne,510,08-07-2010 14:06,ALT,ALTCCA
920,Studiedag ,371,12-07-2010 09:22,VAD,VADMDB
921,overleg preventie-vroeginterventie,34,12-07-2010 10:38,ALT,ALTCDM
922,Druglink,34,12-07-2010 11:07,ALT,ALTCDM
923,PERSONEELSDIENST,1679,13-07-2010 13:27,CAD,CADMVS
924,LAGERE SCHOOL MONTENAKEN,104,13-07-2010 15:03,CAD,CADMVS
925,Provinciaal overleg,371,14-07-2010 15:33,VAD,VADEVA
926,WERKGEVERS-WERKNEMERS OVERLEG,91,16-07-2010 10:11,CAD,CADMVS
927,DE WINNING,240,16-07-2010 10:23,CAD,CADMVS
928,PREVENTIEWERK,1692,16-07-2010 10:25,CAD,CADMVS
930,Interne Dienst Preventie en Bescherming,1419,16-07-2010 14:20,VAD,VADMCL
931,Dagelijks Bestuur,330,16-07-2010 16:54,CAT,CATMAR
932,Drugoverleg Blankenberge-Zuienkerke,680,10-11-2010 16:35,LAR,LAREVB
933,BOVENBOUW,331,20-07-2010 09:59,CAD,CADKJA
934,SECUNDAIR ONDERWIJS,251,20-07-2010 15:11,CAD,CADKJA
935,JEUGDDIENST,247,26-07-2010 12:59,CAD,CADKJA
936,INTERNAAT LYCEUM GENK,610,26-07-2010 15:45,CAD,CADEGI
937,SCHOOL,610,26-07-2010 15:48,CAD,CADEGI
938,WERKGROEP DRUGBELEID,1710,27-07-2010 11:33,CAD,CADEGI
939,Politieschool,1715,04-08-2010 15:35,AHA,AHAADI
940,"overleg Tabak, Alcohol en Drugs (TAD)",510,05-08-2010 09:46,ALT,ALTCDM
941,project webbased leertraject VIGeZ,602,06-08-2010 11:42,VAD,VADJCL
942,denktank motivatie,371,06-08-2010 12:35,VAD,VADJCL
943,bachelor maatschappelijke veiligheid,1723,06-08-2010 13:26,VAD,VADJCL
944,Forensisch team,473,10-08-2010 10:51,ALT,ALTCDM
945,drugprojecten bjz,371,10-08-2010 15:09,VAD,VADIBA
946,Vormingsdienst VVSG,800,10-08-2010 15:27,VAD,VADIBA
947,EHBO medewerkers,1728,10-08-2010 15:30,AAL,AALJCA
948,PRENNE GENT OVL,1068,10-08-2010 16:07,CAT,CATRUG
949,COME,1052,10-08-2010 16:13,CAT,CATRUG
950,HRM  standplaats Melle,1733,10-08-2010 22:28,CAT,CATRUG
951,CPBW,332,10-08-2010 23:37,CAT,CATRUG
952,CAT,332,10-08-2010 23:59,CAT,CATRUG
953,De Vest YOT,1107,11-08-2010 17:16,PRI,PRIVDA
954,Oost,1107,11-08-2010 17:19,PRI,PRIVDA
955,leidinggevenden,1796,24-12-2010 14:29,AHA,AHAJCA
956,Colruyt EHBO medewerkers,424,31-08-2010 10:05,AHA,AHAJCA
957,BIVV,1800,07-09-2010 13:41,VAD,VADJOS
958,Vitalsounds,1800,07-09-2010 13:42,VAD,VADJOS
959,Vagga Altox,1800,07-09-2010 13:42,VAD,VADJOS
960,Vagga,691,07-09-2010 14:08,VAD,VADJOS
961,OK,1815,01-10-2010 11:48,VAD,VADMCL
962,deelwerking Houba,1822,11-10-2010 18:33,AHA,AHAIVR
963,Interne Dienst Preventie en Bescherming,1823,12-10-2010 16:50,VAD,VADMCL
964,convenant,64,18-10-2010 09:57,VAD,VADMGE
965,gezondheidsinspectie,588,18-10-2010 12:31,VAD,VADMGE
966,projecten,64,18-10-2010 12:38,VAD,VADMGE
967,Departement Psychosociale Aspecten,1827,18-10-2010 14:06,VAD,VADMCL
968,BUURTOPBOUW WERK MEULENBERG,130,18-10-2010 15:06,CAD,CADTCH
969,WIJKTEAM MEULENBERG HOUTHALEN,130,18-10-2010 15:12,CAD,CADTCH
970,WIJKTEAM STANDAARD HOUTHALEN-HELCHTEREN,130,18-10-2010 15:24,CAD,CADTCH
971,DIVERSITEITSRAAD HOUTHALEN-HELCHTEREN,130,18-10-2010 15:52,CAD,CADTCH
972,Nicole Vettenburg,992,18-10-2010 16:30,VAD,VADMGE
973,Raad van Bestuur,330,25-10-2010 10:25,CAT,CATMAR
974,Stuurgroep Drugs Gent,1849,25-10-2010 10:34,CAT,CATMAR
975,werkgroep ocmw,351,26-10-2010 11:35,AHA,AHAADI
976,werkgroep BJZ,351,26-10-2010 11:38,AHA,AHAADI
977,ondersteunen Johan Vaneven,393,28-10-2010 14:42,CAT,CATANS
978,Samenlevingsopbouw ,1855,29-10-2010 18:54,VAD,VADMCL
979,Colruyt leidinggevenden,424,04-03-2011 16:19,AHA,AHAADI
981,'t Vlierke,1627,09-11-2010 14:30,MEA,MEAEVE
982,De Stapsteen,676,10-11-2010 16:40,LAR,LAREVB
983,AC stad,537,12-11-2010 12:22,DEL,DELTDB
984,Stedelijk Onderwijs,1855,15-11-2010 17:28,VAD,VADMCL
985,Human Resources,1867,16-11-2010 14:07,VAD,VADMCL
986,sector uitgaan,351,17-11-2010 12:20,AHA,AHALDR
987,Personeelsdienst,1871,18-11-2010 12:55,VAD,VADMCL
988,Sociale dienst,1872,18-11-2010 13:08,VAD,VADMCL
989,HRM,1873,19-11-2010 14:17,VAD,VADMCL
990,Pegode huis Schilde,1877,24-11-2010 14:26,ALT,ALTMLE
991,Pegode huis Edegem ,1877,24-11-2010 14:26,ALT,ALTMLE
992,DRUGLINK,473,24-11-2010 14:37,ALT,ALTMLE
993,Research section,1899,30-11-2010 15:59,VAD,VADMCL
994,De living,810,30-11-2010 16:14,LEU,LEUJBO
995,Msoc,1669,01-12-2010 15:01,ALT,ALTMLE
996,spuitenruil,1669,01-12-2010 15:01,ALT,ALTMLE
997,bubbels en babbels ,1669,01-12-2010 15:02,ALT,ALTMLE
998,genderproject,1669,01-12-2010 15:02,ALT,ALTMLE
999,Jeugddienst - Jeroen Kersschot,558,03-12-2010 10:43,DEL,DELTDB
1000,OCMW - Inge Baeten,545,03-12-2010 10:47,DEL,DELTDB
1001,HRM,1915,06-12-2010 16:49,VAD,VADMCL
1002,Overleg Gokken,510,10-12-2010 11:37,ALT,ALTCCA
1003,MPI,1924,14-12-2010 13:06,AHA,AHAADI
1004,BuSO,1924,14-12-2010 13:06,AHA,AHAADI
1005,BuBao,1924,14-12-2010 13:06,AHA,AHAADI
1006,Werkgroep planmatig werken,545,15-12-2010 11:16,DEL,DELTDB
1007,CDO Berchem,615,15-12-2010 11:45,ALT,ALTCCA
1008,ECAT,860,16-12-2010 01:46,MEC,MECPAE
1010,RIMO,103,17-12-2010 15:02,CAD,CADMVS
1011,SOCIALE ECONOMIE ,1933,17-12-2010 15:09,CAD,CADMVS
1012,WESTHUIS BERINGEN,223,17-12-2010 16:15,CAD,CADJAE
1013,TERUGKOMGROEP,91,17-12-2010 16:31,CAD,CADDDA
1014,HUMANISTISCH VRIJZINNIGE VERENIGING,228,17-12-2010 16:43,CAD,CADJAE
1015,VIVO BEURS,96,20-12-2010 12:23,CAD,CADDDA
1016,IDPB,1940,20-12-2010 14:15,VAD,VADMCL
1017,WG studenten en alcohol,371,20-12-2010 15:35,VAD,VADIBE
1018,OCMW,87,20-12-2010 16:17,CAD,CADDDA
1019,kinderteam Halle,420,21-12-2010 10:09,AHA,AHAIVR
1020,TAKE CARE,91,21-12-2010 10:21,CAD,CADDFR
1021,werkgroep lokale overheid,432,21-12-2010 10:44,ALT,ALTMDC
1022,Dienst welzijn en gezondheid,502,21-12-2010 11:02,ALT,ALTMDC
1023,LO Lochristi,385,21-12-2010 14:06,CAT,CATMTO
1024,vorming,330,21-12-2010 15:30,CAT,CATMTO
1025,WG onderwijs,330,21-12-2010 15:35,CAT,CATMTO
1026,werkgroep hoger onderwijs,432,22-12-2010 09:56,ALT,ALTLDM
1027,werkgroep schools milieu,1953,22-12-2010 10:51,ALT,ALTLDM
1028,GOP Noord,1953,22-12-2010 11:01,ALT,ALTLDM
1029,Logonale GOP,1953,22-12-2010 11:06,ALT,ALTLDM
1030,Interlokale vereniging drugpreventie Pajottenland,1967,22-12-2010 11:49,VLB,VLBRRE
1031,Interlokale vereniging drugprev.Noord-Pajottenland,1967,22-12-2010 11:49,VLB,VLBRRE
1032,Interlok. veren. drugprev. Boortm-Haacht-Keerberge,1967,22-12-2010 11:50,VLB,VLBRRE
1033,Interlok. veren. drugprev. Kampenh-Steenok-Zemst,1967,22-12-2010 11:51,VLB,VLBRRE
1034,Interlok. veren. drugprev. 5 faciliteitengemeenten,1967,22-12-2010 11:51,VLB,VLBRRE
1035,Interlok. veren. drugprev. Rotselaar-Tremelo-Begij,1967,22-12-2010 11:52,VLB,VLBRRE
1036,Drugnetwerk,1974,23-12-2010 11:09,CAT,CATMTO
1037,werkgroep alcohol bekijk het eens nuchter,446,23-12-2010 14:50,LAR,LARTHU
1038,stuurgroep,1634,23-12-2010 14:55,LAR,LARTHU
1039,werkgroep hoger onderwijs (studenten en alcohol),450,23-12-2010 15:09,LAR,LARTHU
1040,WG Eerstelijn / vroeginterventie,371,28-12-2010 09:42,VAD,VADTDE
1041,WG Politie en Justitie,371,28-12-2010 09:43,VAD,VADTDE
1042,Gemeenschapswachten,1056,28-12-2010 11:20,GEE,GEETCO
1043,Straathoekwerk,509,29-12-2010 16:40,ALT,ALTJDS
1044,Scholenoverleg,848,30-12-2010 09:54,ALT,ALTJDS
1045,Q-label antwerpen,510,30-12-2010 09:58,ALT,ALTJDS
1046,Geestig gestoord,1000,30-12-2010 10:28,ALT,ALTJDS
1047,Campus Irishof (KTA + Internaat),1992,30-12-2010 10:49,ALT,ALTJDS
1048,Welzijnsfiches,625,30-12-2010 11:00,ALT,ALTJDS
1049,werkgroep basisvorming,432,30-12-2010 12:07,ALT,ALTJDS
1050,Jongeren / outreachwerkers,509,30-12-2010 13:47,ALT,ALTJDS
1051,Werkgroep drugbeleid,431,30-12-2010 14:25,ALT,ALTJDS
1052,Club Health and Media,1994,30-12-2010 14:32,ALT,ALTJDS
1053,project studenten ortho,1951,31-12-2010 11:23,CAT,CATMTO
1054,WG hoger onderwijs,330,31-12-2010 12:20,CAT,CATMTO
1055,WG Drugpreventie,540,03-01-2011 10:08,DEL,DELCDE
1056,LOGO Waasland,566,03-01-2011 11:18,DEL,DELCDE
1057,ad hoc werkgroep project allochtonen,371,03-01-2011 12:11,VAD,VADIBA
1058,OLV Presentatie Handel,2002,03-01-2011 14:14,DEL,DELCDE
1059,OLV Presentatie Humaniora,2002,03-01-2011 14:14,DEL,DELCDE
1060,Vitalsounds,624,04-01-2011 14:49,VAD,VADJOS
1061,Breakline,624,04-01-2011 14:50,VAD,VADJOS
1062,stad Gent,624,04-01-2011 14:50,VAD,VADJOS
1064,Departement Lerarenopleiding,2011,04-01-2011 15:20,VAD,VADMDB
1065,Competentie ontwikkeling / Cathy Camertyn,819,04-01-2011 16:06,VAD,VADMDB
1066,Roke kruis,371,04-01-2011 17:04,VAD,VADJOS
1068,Werkgroep eindejaarscampagne alcoholpreventie,1050,05-01-2011 15:57,VLB,VLBRRE
1069,INTEGRATIEDIENST,130,05-01-2011 15:58,CAD,CADSTU
1070,WIJKTEAM HOUTHALEN-OOST,130,05-01-2011 16:20,CAD,CADSTU
1071,INTERCULTURELE RAAD,223,05-01-2011 16:37,CAD,CADSTU
1073,VZW DRIEHOEK,130,05-01-2011 17:25,CAD,CADSTU
1074,BUURTHUIS SCHOONBEEK,228,05-01-2011 17:37,CAD,CADSTU
1076,SINT-GERARDUS,286,06-01-2011 14:30,CAD,CADCBA
1077,IKSO,1674,06-01-2011 14:36,CAD,CADCBA
1078,permanente werkgroep psychiatrie,2015,06-01-2011 15:16,VAD,VADMGE
1079,DIC III,2014,06-01-2011 15:20,VAD,VADMGE
1080,CGG,371,06-01-2011 15:34,VAD,VADMGE
1081,TAD,371,06-01-2011 16:06,VAD,VADMGE
1082,geschreven pers,2018,06-01-2011 17:18,VAD,VADMGE
1083,tv,2018,06-01-2011 17:18,VAD,VADMGE
1084,radio,2018,06-01-2011 17:18,VAD,VADMGE
1085,infosessie arbeid,440,07-01-2011 13:26,NWV,NWVRDV
1086,Begeleiding Thuislozen,2027,08-01-2011 20:48,LAR,LAREVB
1087,werkgroep beleidsplan,453,10-01-2011 13:05,NWV,NWVRDV
1088,stuff,453,10-01-2011 13:49,NWV,NWVRDV
1089,drugoverleg,444,12-01-2011 12:21,NWV,NWVNVM
1090,WG lokaal beleid,450,13-01-2011 13:43,NWV,NWVNVM
1091,drugoverleg,469,13-01-2011 13:55,NWV,NWVNVM
1092,campus oostende,2035,13-01-2011 14:02,NWV,NWVNVM
1093,Sociale dienst,1278,13-01-2011 14:31,NWV,NWVNVM
1095,WG Fuif,1028,13-01-2011 14:43,NWV,NWVNVM
1096,Beleid arbeid,443,14-01-2011 08:50,NWV,NWVRDV
1097,training motiverende,1277,14-01-2011 09:01,NWV,NWVRDV
1098,Leuvens Instituut voor criminologie (LINC),991,14-01-2011 10:13,VAD,VADEDD
1099,CAW jeugdhaven en de  Korre,2040,14-01-2011 14:15,NWV,NWVNVM
1100,Opleiding Sociaal Werk,2041,14-01-2011 15:08,NWV,NWVNVM
1101,WG trip,453,14-01-2011 15:34,NWV,NWVNVM
1102,Preventiedienst,2043,17-01-2011 11:03,VAD,VADMCL
1103,Reccer,332,17-01-2011 11:44,CAT,CATCHK
1104,jeugdraad Oostende,440,18-01-2011 11:49,NWV,NWVNVM
1105,VTI Deeltijds Oostende,2062,18-01-2011 13:46,NWV,NWVNVM
1106,campus Ledeganck - Lerarenopleiding,2067,19-01-2011 11:05,CAT,CATRUG
1107,werkgroep onderwijs,756,19-01-2011 14:04,LEU,LEUGMA
1108,werkgroep grenzen stellen,756,19-01-2011 14:04,LEU,LEUGMA
1109,werkgroep drugs in beweging,756,19-01-2011 14:04,LEU,LEUGMA
1110,VAD preventieteam,756,19-01-2011 14:12,LEU,LEUGMA
1111,werkgroep basisvorming,756,19-01-2011 14:36,LEU,LEUGMA
1112,werkgroep intrafamiliaal geweld en alcohol,756,19-01-2011 14:41,LEU,LEUGMA
1113,werkgroep OCMW,756,19-01-2011 14:44,LEU,LEUGMA
1114,Werkgroep onderwijs,2070,20-01-2011 13:33,ROE,ROEEVA
1115,Werkgroep hulpverlening,2070,20-01-2011 13:33,ROE,ROEEVA
1116,Stuurgroep Lokaal Drugoverleg,2070,20-01-2011 13:34,ROE,ROEEVA
1117,Algemene vergadering Lokaal Drugoverleg,2070,20-01-2011 13:34,ROE,ROEEVA
1118,Locoregionale uitv. Vlaamse Suicidepreventie,2072,20-01-2011 15:18,CAT,CATRUG
1119,JEUGDDIENST,87,21-01-2011 10:28,CAD,CADNAE
1121,Campus Brusselsepoortstraat,1020,24-01-2011 10:40,CAT,CATRUG
1122,Spitaalpoortstraat KIDZ,2054,24-01-2011 10:57,CAT,CATRUG
1123,WG Drugtesting,330,24-01-2011 11:18,CAT,CATRUG
1124,campus De Toren,1975,24-01-2011 11:24,CAT,CATRUG
1125,Gezondheidsdienst,1014,24-01-2011 11:31,CAT,CATRUG
1126,campus Voskenslaan,2067,24-01-2011 11:39,CAT,CATRUG
1127,campus Loofblommestraat,1030,24-01-2011 12:05,CAT,CATRUG
1128,Sociaal Huis,2091,24-01-2011 12:30,CAT,CATRUG
1129,vakgroep Maatschappelijke Gezondheidkunde,1151,24-01-2011 13:16,CAT,CATRUG
1130,afd Latem/Deurle,2100,24-01-2011 16:32,CAT,CATRUG
1131,campus St-Annaplein,1020,25-01-2011 10:28,CAT,CATRUG
1132,Jeugddienst,1014,25-01-2011 10:45,CAT,CATRUG
1133,Deurle/Latem,2104,25-01-2011 10:57,CAT,CATRUG
1134,Onderzoeksplatform,330,25-01-2011 15:19,CAT,CATRUG
1135,SAS Sociale dienst van OCMW (middelengebruik),1752,27-01-2011 12:10,PRI,PRIVDA
1136,EDICT,2137,28-01-2011 10:44,CAD,CADKBO
1137,JOC De Lane,2027,28-01-2011 13:36,NWV,NWVGLA
1138,preventiedienst,2148,28-01-2011 14:21,NWV,NWVGLA
1139,Jeugdhuis,1862,28-01-2011 14:35,NWV,NWVGLA
1140,Jeugddienst Wervik,459,28-01-2011 14:43,NWV,NWVGLA
1141,LDC Hofland,444,28-01-2011 15:26,NWV,NWVGLA
1142,Minderheden Adviesraad (MARO),440,28-01-2011 16:30,NWV,NWVGLA
1144,Houba,1107,31-01-2011 14:31,PRI,PRIVDA
1145,Brussel Oost,1107,31-01-2011 15:05,PRI,PRIVDA
1146,Werkgroep ECAT,450,03-02-2011 12:09,LAR,LARIHI
1147,PAROCHIE WIJKKANTOOR MEULENBERG,130,03-02-2011 15:17,CAD,CADTCH
1148,GDPBW Psychosociale Dienst  ,2161,03-02-2011 15:31,VAD,VADMCL
1149,WIJKFOCUS MEULENBERG ,130,03-02-2011 16:19,CAD,CADTCH
1150,CAD,2162,07-02-2011 10:56,CAD,CADCBA
1151,verantwoordelijke Mechelen,1423,08-02-2011 08:54,VAD,VADMCL
1152,IDPB,2164,08-02-2011 08:55,VAD,VADMCL
1153,IDPB,2166,08-02-2011 09:04,VAD,VADMCL
1154,TAKE CARE,301,08-02-2011 12:59,CAD,CADCBA
1155,Ambulant Centrum,2168,08-02-2011 16:13,CAT,CATMAR
1156,Therapeutische Gemeenschap,2168,08-02-2011 16:15,CAT,CATMAR
1157,Stuurgroep Keep it clean,2105,08-02-2011 16:25,CAT,CATMAR
1158,Dienst Gezondheidsbeleid,2170,08-02-2011 16:27,VAD,VADJRO
1159,Cocaïneproject,2168,08-02-2011 16:56,CAT,CATMAR
1160,Programmacommissie arbeid,756,09-02-2011 13:33,LEU,LEUJBO
1161,werkgroep lokaal beleid,756,09-02-2011 13:33,LEU,LEUJBO
1162,Human Resources,2177,10-02-2011 18:33,VAD,VADMCL
1163,ECAT-overleg,756,14-02-2011 11:23,LEU,LEUSLE
1164,werkgroep HOGER ONDERWIJS,756,14-02-2011 11:24,LEU,LEUSLE
1165,werkgroep CONSULT,756,14-02-2011 11:24,LEU,LEUSLE
1166,werkgroep BJZ,756,14-02-2011 12:25,LEU,LEUSLE
1167,sociale economie,751,14-02-2011 12:48,LEU,LEUSLE
1168,Studiedienst,2181,15-02-2011 15:18,VAD,VADMCL
1169,Overleg VAD-directies,756,15-02-2011 20:18,LEU,LEUMCO
1170,De Kastelein,1627,16-02-2011 10:29,MEA,MEAEVE
1171,LO_Erpe Mere,389,28-02-2011 11:15,CAT,CATANS
1172,Stuurgroep preventie,389,28-02-2011 11:25,CAT,CATANS
1173,Studiedienst ,2189,01-03-2011 17:23,VAD,VADMCL
1174,regio Pajottenland,1979,02-03-2011 12:00,AHA,AHAADI
1175,Brusselse Lokale Dienstencentra,2197,21-03-2011 09:04,VAD,VADMCL
1176,CID,2198,21-03-2011 15:32,VAD,VADMCL
1177,WG Onderwijs,2199,25-03-2011 10:12,NWV,NWVRDV
1178,WG + café,2199,25-03-2011 10:12,NWV,NWVRDV
1179,WG Bijzondere Jeugdzorg,2199,25-03-2011 10:13,NWV,NWVRDV
1181,Adviesraad,2199,25-03-2011 10:17,NWV,NWVRDV
1182,KG Adviesraad,2199,25-03-2011 10:17,NWV,NWVRDV
1183,AD HOC WG Intervisie,2199,25-03-2011 10:24,NWV,NWVRDV
1184,Preventiewerkersoverleg,2199,25-03-2011 10:19,NWV,NWVRDV
1185,Overleg Preventiedienst-CGG,2199,25-03-2011 10:19,NWV,NWVRDV
1186,AD HOC WG Ouders,2199,25-03-2011 10:24,NWV,NWVRDV
1187,AD HOC WG Huisartsen,2199,25-03-2011 10:24,NWV,NWVRDV
1188,ECAT 2010-2011,2199,25-03-2011 10:25,NWV,NWVRDV
1189,CAW Regio Brugge (De Lane),2199,25-03-2011 10:26,NWV,NWVRDV
1190,CAW Regio Brugge (Begeleiding Thuislozen),2199,25-03-2011 10:26,NWV,NWVRDV
1191,KI Spermalie/Het Anker,2199,25-03-2011 10:27,NWV,NWVRDV
1192,KTA Brugge,2199,25-03-2011 10:28,NWV,NWVRDV
1193,TCK Nieuwland,2199,25-03-2011 10:28,NWV,NWVRDV
1194,Rode Kruis,2199,25-03-2011 10:28,NWV,NWVRDV
1195,KHBO,2199,25-03-2011 10:29,NWV,NWVRDV
1196,Scholengemeenschap St-Donaas,2199,25-03-2011 10:30,NWV,NWVRDV
1197,Scholengmeenschap St-Maarten,2199,25-03-2011 10:30,NWV,NWVRDV
1198,Jeugdbewegingen,2199,25-03-2011 10:31,NWV,NWVRDV
1199,OCMW,2199,25-03-2011 10:31,NWV,NWVRDV
1200,WG Onderwijs,2200,25-03-2011 10:36,NWV,NWVRDV
1201,WG Bijzondere Jeugdzorg,2200,25-03-2011 10:36,NWV,NWVRDV
1202,WG Medische WG,2200,25-03-2011 10:37,NWV,NWVRDV
1203,WG Kinderen druggebruikende ouders,2200,25-03-2011 10:37,NWV,NWVRDV
1204,WG KIDO,2200,25-03-2011 10:37,NWV,NWVRDV
1205,WG Monitor,2200,25-03-2011 10:38,NWV,NWVRDV
1206,Stuurgroep Drugbeleid,2200,25-03-2011 10:38,NWV,NWVRDV
1207,Individuele Coaching,2200,25-03-2011 10:38,NWV,NWVRDV
1208,De Bolle,2200,25-03-2011 10:39,NWV,NWVRDV
1209,Arcade (Lithops),2200,25-03-2011 10:39,NWV,NWVRDV
1210,ECAT 2010-2011,2200,25-03-2011 10:40,NWV,NWVRDV
1214,SG Blankenberge-Zuienkerke,2205,25-03-2011 10:49,NWV,NWVRDV
1215,KG Blankenberge-Zuienkerke,2205,25-03-2011 10:49,NWV,NWVRDV
1216,WG DOPO,2205,25-03-2011 10:50,NWV,NWVRDV
1217,SG Preventieraad,2204,25-03-2011 10:50,NWV,NWVRDV
1218,KG Preventieraad,2204,25-03-2011 10:50,NWV,NWVRDV
1219,SG Torhout ,2206,25-03-2011 10:53,NWV,NWVRDV
1220,KG Torhout,2206,25-03-2011 10:53,NWV,NWVRDV
1221,WG Uitgaan,2206,25-03-2011 10:53,NWV,NWVRDV
1222,WG Hulpverlening ,2207,25-03-2011 10:56,NWV,NWVRDV
1223,WG Voorlichting en vorming,2207,25-03-2011 10:57,NWV,NWVRDV
1224,Algemene vergadering,2212,25-03-2011 11:06,NWV,NWVRDV
1227,WG Onderwijs,2212,25-03-2011 11:08,NWV,NWVRDV
1228,Preventieteam,2213,25-03-2011 11:21,NWV,NWVRDV
1229,Programmacommissie,2213,25-03-2011 11:23,NWV,NWVRDV
1230,WG DIB,2213,25-03-2011 11:25,NWV,NWVRDV
1231,WG Bijzondere Jeugdzorg,2213,25-03-2011 11:27,NWV,NWVRDV
1232,WG I-Plan,2213,25-03-2011 11:29,NWV,NWVRDV
1233,WG Eerstelijnsgezondheidszorg,2213,25-03-2011 11:30,NWV,NWVRDV
1234,WG OCMW,2213,25-03-2011 11:31,NWV,NWVRDV
1235,WG Onderwijs,2213,25-03-2011 11:35,NWV,NWVRDV
1236,WG Vroeginterventie,2213,25-03-2011 11:38,NWV,NWVRDV
1237,WG Partywise,2213,25-03-2011 11:40,NWV,NWVRDV
1238,WG ECAT2010-2011,2213,25-03-2011 11:42,NWV,NWVRDV
1239,WG Alcohol en drugs,2203,25-03-2011 11:49,NWV,NWVRDV
1240,WG Trefvoormiddag,2203,25-03-2011 11:50,NWV,NWVRDV
1241,WG Drugbeleid,2215,25-03-2011 11:56,NWV,NWVRDV
1242,SG Alcohol en Drugs,2216,25-03-2011 11:58,NWV,NWVRDV
1243,Vroeginterventie Oostende,2217,25-03-2011 12:04,NWV,NWVRDV
1244,WG kwaliteitsbevordering in de verslavingszorg,2217,25-03-2011 12:04,NWV,NWVRDV
1245,Directie Personeel en Opleiding,1304,28-03-2011 11:02,VAD,VADMCL
1246,Interne Dienst Preventie en Bescherming,1416,01-04-2011 14:45,VAD,VADMCL
1247,BASF Belgium - Waterloo,1311,01-04-2011 15:54,VAD,VADMCL
1248,Medische dienst,2219,07-04-2011 15:57,VAD,VADMCL
1249,Parents@Home,2220,11-04-2011 13:50,NWV,NWVGLA
1250,Druglink ,891,12-04-2011 11:42,MEA,MEAEVE
1251,Sint-Niklaas,1865,14-04-2011 11:48,DEL,DELTDB
1252,Dendermonde,1865,14-04-2011 11:48,DEL,DELTDB
1253,Aalst,1865,14-04-2011 11:49,DEL,DELTDB
1254,Evaluatiecommissie,537,14-04-2011 15:47,DEL,DELTDB
1255,Preventie A&D,2224,15-04-2011 16:15,LEU,LEUJBO
1256,Preventieteam,351,18-04-2011 13:25,AHA,AHAADI
1257,Orthopedagogiek,2226,18-04-2011 14:02,AHA,AHAADI
1258,Ad Hoc WG 1ste lijn,351,18-04-2011 14:24,AHA,AHAADI
1259,Psychiater,420,18-04-2011 14:28,AHA,AHAADI
1260,WG Bijzondere Jeugdzorg,2230,19-04-2011 09:27,LAR,LAREVB
1261,WG BJZ,2232,19-04-2011 09:37,LAR,LAREVB
1263,Dir. Strategie - Dienst Veiligh.&Milieu ( H-VM 03),2177,19-04-2011 10:14,VAD,VADMCL
1264,WG Onderwijs,2232,19-04-2011 10:15,LAR,LAREVB
1265,De Bres,2234,19-04-2011 10:39,LAR,LAREVB
1266,Koninklijk Atheneum,2235,19-04-2011 16:12,DEL,DELCDE
1267,Middenschool,2235,19-04-2011 16:12,DEL,DELCDE
1268,Human Resources,2237,21-04-2011 15:15,VAD,VADMCL
1269,Vroeginterventie,2238,22-04-2011 13:57,DEL,DELTDB
1270,Delta-overleg,2238,22-04-2011 13:58,DEL,DELTDB
1271,Directie,2238,22-04-2011 13:59,DEL,DELTDB
1272,PO,2238,22-04-2011 13:59,DEL,DELTDB
1273,Delta-preventie,2238,22-04-2011 13:59,DEL,DELTDB
1274,"De Brug Hasselt,vormingsdienst LMH",1382,02-05-2011 15:32,CAD,CADEBO
1275,Voorzitter Beheerscomité,1926,03-05-2011 11:43,HAV,HAVADS
1276,Interne dienst Preventie ,992,09-05-2011 12:22,VAD,VADMCL
1277,Sportraad,255,11-05-2011 15:11,CAD,CADNAE
1278,Sociale dienst,1304,19-05-2011 16:29,VAD,VADMCL
1279,Sociale dienst,1533,23-05-2011 11:27,VAD,VADMCL
1280,Antwerp European Youth Capital,482,24-05-2011 14:14,ALT,ALTJDS
1283,Raadvanbestuur,2213,14-06-2011 16:55,NWV,NWVRDV
1284,JEUGDHUIS FUEGO,156,17-06-2011 09:58,CAD,CADTCH
1285,VZW ANNOUR,157,17-06-2011 09:53,CAD,CADTCH
1286,PREVENTIEDIENST,156,17-06-2011 09:58,CAD,CADTCH
1287,PROVINCIALE STUURGROEP,96,20-06-2011 16:35,CAD,CADTCH
1288,STEBO VZW,130,20-06-2011 17:13,CAD,CADTCH
1289,Personeel & Opleiding,2300,21-06-2011 13:48,VAD,VADMCL
1290,Dienst DSO,1056,27-06-2011 12:39,GEE,GEETCO
1291,Zwembad,1056,27-06-2011 12:43,GEE,GEETCO
1292,Gezond Plus (Gent),566,27-06-2011 14:11,DEL,DELTDB
1293,Chiro Appels,537,27-06-2011 14:28,DEL,DELTDB
1294,Drugnetwerk Gent,1261,30-06-2011 10:22,VAD,VADMDB
1295,TAKE CARE,242,30-06-2011 14:49,CAD,CADDFR
1296,Buurtsport Antwerpen,482,30-06-2011 16:23,ALT,ALTCCA
1297,Districts- en loketwerking,482,05-07-2011 15:47,ALT,ALTCCA
1298,Sociale dienst,2330,06-07-2011 12:03,VAD,VADMCL
1299,LEIDINGGEVENDEN,2335,08-07-2011 11:46,CAD,CADEGI
1300,WERKGROEP KIJK IK KAN ZONDER,2337,08-07-2011 14:00,CAD,CADEGI
